index,Age,Prime mensuelle,Categorie socio professionnelle,Kilometres parcourus par mois,Coefficient bonus malus,Type de vehicule,Score CRM,Niveau de vie,Marque,Salaire annuel,Score credit,Cout entretien annuel,Benefice net annuel
0,58.0,40.0,Etudiant,973,106,SUV,164,3762,Peugeot,20420,309,801,54.9985582102
1,26.0,27.0,Ouvrier,637,95,5 portes,126,3445,Renault,25750,135,667,7.84093010638
2,27.0,26.0,Cadre,978,136,SUV,153,986,Renault,6790,786,696,46.0788894792
3,22.0,8.0,Etudiant,771,96,3 portes,111,2366,Peugeot,15140,320,765,-11.0482126237
4,60.0,20.0,Sans emploi,758,101,3 portes,149,1441,Peugeot,12850,287,808,1.18007819644
5,25.0,18.0,Sans emploi,372,123,5 portes,160,2058,Peugeot,14400,850,758,16.7092144829
6,54.0,22.0,Cadre,981,86,5 portes,148,3906,Renault,27350,895,918,16.0576359837
7,18.0,37.0,Cadre,204,91,5 portes,120,874,Peugeot,12260,81,888,8.65830141361
8,48.0,19.0,Cadre,402,102,5 portes,153,4273,Peugeot,26350,86,816,14.7868602727
9,22.0,23.0,Etudiant,547,95,SUV,121,7560,Renault,50820,52,791,23.975836462
10,30.0,44.0,Cadre,823,82,5 portes,106,2004,Peugeot,16220,648,777,10.2213769901
11,24.0,6.0,Etudiant,358,96,SUV,129,3744,Toyota,26810,53,645,23.2867476294
12,22.0,20.0,Etudiant,890,94,5 portes,110,4691,Opel,31070,790,809,10.2625107098
13,49.0,70.0,Cadre,986,109,5 portes,154,1805,Peugeot,13550,913,912,18.7697435478
14,44.0,17.0,Ouvrier,331,75,SUV,117,2385,Citroen,17550,530,954,24.5673348303
15,25.0,42.0,Etudiant,677,89,Utilitaire,110,929,Citroen,11590,179,875,58.0767629071
16,29.0,13.0,Cadre,207,117,SUV,150,3491,Toyota,22500,618,745,17.7980444673
17,39.0,,Etudiant,509,127,5 portes,164,11807,Citroen,82220,47,896,6.57437865563
18,25.0,18.0,Cadre,235,77,SUV,101,4877,Citroen,33180,95,695,13.9299199669
19,24.0,11.0,Etudiant,965,109,SUV,131,7179,Citroen,55600,483,611,38.0358396776
20,22.0,22.0,Cadre,548,85,3 portes,113,4633,Renault,26660,399,565,-10.7831091885
21,35.0,12.0,Ouvrier,959,87,SUV,118,5295,Citroen,36530,708,858,39.1910833333
22,30.0,26.0,Etudiant,829,86,SUV,115,707,Volkswagen,6310,528,679,43.7004745813
23,24.0,12.0,Cadre,893,93,SUV,119,10457,Renault,66100,931,856,28.5824141964
24,33.0,8.0,Etudiant,338,114,SUV,138,5397,Opel,37940,661,1005,24.0927110101
25,26.0,14.0,Ouvrier,259,110,5 portes,133,3196,Volkswagen,27450,268,791,9.16125300195
26,34.0,25.0,Cadre,680,100,3 portes,136,6448,Opel,46560,191,788,-15.9749921817
27,40.0,14.0,Cadre,334,94,Utilitaire,139,1842,Peugeot,20910,842,1058,35.0365067851
28,36.0,10.0,Etudiant,786,100,5 portes,136,5437,Renault,34390,798,923,13.9689056993
29,28.0,27.0,Sans emploi,526,98,3 portes,122,7428,Opel,53460,609,766,-8.50906302166
30,,70.0,Travailleur non salarie,622,111,SUV,148,3964,Citroen,30350,759,665,29.4956465223
31,40.0,31.0,Ouvrier,950,90,Utilitaire,128,1446,Toyota,6370,489,717,76.6348445464
32,36.0,13.0,Sans emploi,617,99,5 portes,135,2891,Opel,26020,984,628,15.8627851526
33,44.0,10.0,Ouvrier,286,98,SUV,142,4889,Peugeot,32350,961,828,22.2393113759
34,39.0,15.0,Etudiant,326,99,5 portes,137,1404,Peugeot,17060,549,660,18.9460882371
35,29.0,10.0,Cadre,636,103,SUV,129,1010,Toyota,9390,887,687,33.3274093565
36,48.0,12.0,Ouvrier,619,102,Utilitaire,152,1876,Toyota,17350,33,766,56.417637017
37,55.0,15.0,Etudiant,710,120,5 portes,169,6862,Volkswagen,42920,766,816,19.3039576102
38,70.0,14.0,Etudiant,521,98,5 portes,165,2660,,12440,443,932,28.1457532735
39,20.0,32.0,Cadre,719,123,5 portes,140,8665,,61810,454,724,1.4084641973
40,34.0,3.0,Etudiant,517,95,SUV,124,6091,Citroen,39700,127,919,28.9538423086
41,44.0,26.0,Etudiant,699,92,SUV,136,671,,5330,48,771,44.4969086954
42,36.0,6.0,Cadre,813,101,5 portes,137,3668,Renault,23690,9,560,13.0337201015
43,18.0,8.0,Cadre,343,105,Utilitaire,123,3255,Renault,25420,539,682,29.5742243163
44,35.0,2.0,Etudiant,500,104,5 portes,138,2087,Toyota,20590,181,964,16.0195632414
45,42.0,13.0,Sans emploi,602,119,5 portes,163,504,Peugeot,9840,641,872,21.6227189525
46,30.0,15.0,Etudiant,749,117,SUV,155,3021,Citroen,19810,481,625,40.5719903005
47,30.0,1.0,Cadre,402,107,3 portes,142,5810,,32810,546,635,-4.56233011269
48,35.0,19.0,Cadre,643,94,5 portes,113,4440,Toyota,30140,63,661,9.51561832095
49,34.0,1.0,Etudiant,699,98,SUV,137,7860,,56860,867,775,31.1682617809
50,34.0,15.0,Cadre,916,121,SUV,145,1978,Citroen,7160,718,929,45.7865124424
51,48.0,8.0,Cadre,490,103,5 portes,142,6908,Citroen,47530,941,762,10.6854540418
52,28.0,11.0,Etudiant,710,80,3 portes,108,7305,Renault,50780,875,726,-14.8843952981
53,26.0,17.0,Cadre,353,89,5 portes,108,666,Peugeot,3780,281,671,13.4823811446
54,29.0,18.0,Etudiant,598,91,5 portes,127,1663,Peugeot,12110,251,935,15.1655407124
55,33.0,2.0,Etudiant,345,117,SUV,153,4756,Peugeot,34380,264,681,25.0702384114
56,28.0,14.0,Ouvrier,934,98,3 portes,121,9176,Volkswagen,69260,829,671,-30.3420284803
57,50.0,12.0,Ouvrier,545,133,5 portes,174,5182,Peugeot,34520,29,753,16.3826083441
58,22.0,13.0,Ouvrier,864,109,SUV,132,3052,Peugeot,21700,718,686,38.0658663743
59,34.0,30.0,Ouvrier,533,101,5 portes,141,3242,Renault,18520,538,651,12.2477693116
60,42.0,20.0,Etudiant,923,93,SUV,135,1882,Renault,14470,629,946,50.0087857997
61,23.0,11.0,Ouvrier,523,114,Utilitaire,146,1636,Citroen,18130,641,936,43.81164538
62,20.0,12.0,Cadre,464,96,SUV,118,2350,Volkswagen,16800,31,874,23.9210878892
63,36.0,12.0,Etudiant,657,87,3 portes,126,2876,Peugeot,14190,805,879,-2.93897490521
64,36.0,20.0,Cadre,876,108,SUV,142,1696,Toyota,13220,104,850,43.0906145395
65,21.0,3.0,Etudiant,888,100,5 portes,122,4463,Peugeot,34360,924,852,9.96541904016
66,32.0,38.0,Cadre,676,117,5 portes,147,5397,Renault,41960,510,765,8.4930131036
67,19.0,41.0,Cadre,267,98,SUV,107,7053,Peugeot,53050,647,798,10.1861155745
68,32.0,,Travailleur non salarie,677,57,SUV,101,5695,Renault,40920,591,864,26.4573891941
69,25.0,48.0,Cadre,396,111,SUV,135,1338,Renault,13500,367,898,24.6217349952
70,18.0,26.0,Ouvrier,786,71,3 portes,89,7774,Renault,49180,654,716,-26.1483145685
71,50.0,9.0,Ouvrier,915,123,SUV,179,855,Renault,6980,756,720,50.0798582813
72,0.0,21.0,Ouvrier,611,127,3 portes,149,3602,Peugeot,24840,640,962,-10.6633571625
73,44.0,40.0,Etudiant,682,93,3 portes,138,3480,Peugeot,19330,16,958,-2.27689061682
74,21.0,17.0,Etudiant,252,82,Utilitaire,105,4148,,23780,640,883,27.0339151408
75,39.0,57.0,Cadre,632,79,5 portes,112,6610,Volkswagen,47020,18,904,7.0532444396
76,43.0,43.0,Cadre,303,113,3 portes,163,5258,,35650,835,743,2.4205114541
77,26.0,16.0,Cadre,691,96,SUV,123,4478,Citroen,28780,954,695,30.6238479081
78,43.0,11.0,Cadre,490,91,3 portes,130,1123,Renault,8540,680,825,0.0569885334477
79,33.0,5.0,Cadre,814,96,SUV,133,-166,Renault,5060,899,577,40.1243334709
80,44.0,12.0,Cadre,238,131,5 portes,176,10034,Volkswagen,67950,254,746,7.33926729064
81,42.0,24.0,Etudiant,287,105,3 portes,142,3340,Citroen,20250,803,889,10.2184138522
82,39.0,22.0,Cadre,747,111,Utilitaire,150,5599,Renault,37740,104,833,58.512182591
83,34.0,13.0,Travailleur non salarie,611,111,3 portes,145,3355,Opel,26720,804,772,-8.02510092017
84,35.0,17.0,Ouvrier,657,115,5 portes,151,5319,Peugeot,37920,684,746,10.306401666
85,41.0,32.0,Etudiant,874,115,5 portes,157,4588,Peugeot,34190,690,908,16.2693876032
86,47.0,23.0,Ouvrier,590,89,SUV,139,9338,Citroen,66420,777,839,25.2645396961
87,70.0,26.0,Cadre,848,96,SUV,159,3505,Renault,20000,973,563,49.3282725891
88,,12.0,Sans emploi,608,88,5 portes,126,2331,Peugeot,10970,472,894,18.7314906252
89,31.0,8.0,Ouvrier,941,89,5 portes,115,6777,Peugeot,45100,827,862,5.33001062085
90,32.0,,Ouvrier,733,117,3 portes,151,4381,Renault,28750,782,778,-12.4075683652
91,22.0,25.0,Etudiant,318,92,SUV,107,6198,Peugeot,41020,182,666,18.2261224989
92,27.0,9.0,Ouvrier,491,98,3 portes,114,23673,Peugeot,165760,348,527,-35.7208308966
93,23.0,13.0,Ouvrier,892,89,5 portes,109,6025,,42440,174,775,4.04391503991
94,38.0,33.0,Ouvrier,480,91,3 portes,141,8278,Citroen,60310,928,822,-11.1116543468
95,30.0,13.0,Sans emploi,351,111,5 portes,146,772,Peugeot,5600,782,857,19.2805165737
96,70.0,24.0,Etudiant,578,93,SUV,163,4149,,21140,965,912,45.1687337276
97,18.0,28.0,Etudiant,514,92,5 portes,122,2543,Peugeot,14760,325,754,12.5863176598
98,79.0,20.0,Etudiant,695,107,5 portes,185,2413,Volkswagen,18090,51,831,30.3801976032
99,29.0,14.0,Cadre,549,107,5 portes,135,6932,Volkswagen,50180,458,686,4.31345752756
100,52.0,11.0,Cadre,408,111,SUV,167,2412,Peugeot,19910,108,838,31.4131725637
101,29.0,28.0,Ouvrier,529,102,5 portes,132,5325,Peugeot,35970,860,828,7.3761769802
102,21.0,21.0,Ouvrier,535,73,3 portes,93,1520,Toyota,9270,53,915,-7.81426843905
103,36.0,14.0,Travailleur non salarie,921,109,5 portes,142,2351,Renault,21510,883,868,13.1767449258
104,31.0,12.0,Sans emploi,983,107,5 portes,137,6761,Peugeot,45630,490,784,10.8967402739
105,26.0,38.0,Etudiant,698,115,SUV,146,5580,Peugeot,41060,754,621,32.7351458996
106,36.0,32.0,Cadre,266,87,3 portes,116,2324,Volkswagen,11280,396,802,5.48292755807
107,31.0,6.0,Etudiant,786,137,SUV,164,9838,Citroen,68320,617,829,34.4327453533
108,64.0,18.0,Sans emploi,742,81,5 portes,151,7621,Peugeot,47340,404,745,18.3650069934
109,48.0,37.0,Ouvrier,860,110,3 portes,170,2862,Citroen,21640,628,769,-11.8508023907
110,40.0,5.0,Etudiant,477,100,5 portes,130,3328,Renault,24310,821,814,17.2157152847
111,37.0,8.0,Etudiant,247,92,SUV,131,8644,Volkswagen,59460,50,912,16.9220612273
112,28.0,3.0,Cadre,689,112,Utilitaire,148,6106,Renault,39050,920,848,51.3792241119
113,43.0,22.0,Cadre,299,95,SUV,136,6075,Opel,40550,467,753,19.6436201681
114,21.0,12.0,Cadre,807,64,SUV,82,1213,Renault,12810,989,702,33.5817332662
115,18.0,3.0,Sans emploi,835,82,5 portes,106,3652,Toyota,24930,564,650,10.0536534117
116,22.0,40.0,Etudiant,526,106,3 portes,125,3129,Peugeot,21830,521,770,-3.24414728986
117,65.0,10.0,Cadre,955,133,SUV,194,1232,Renault,10130,850,701,55.2098763856
118,29.0,30.0,Etudiant,339,77,3 portes,103,2334,Renault,18610,565,776,2.8357890937
119,21.0,18.0,Cadre,954,99,5 portes,113,5425,Volkswagen,31860,624,800,4.73706040915
120,21.0,21.0,Cadre,572,121,5 portes,130,2930,Peugeot,21880,145,810,8.72072058097
121,44.0,22.0,Ouvrier,810,109,3 portes,158,10898,Volkswagen,79250,467,670,-22.7087525363
122,53.0,16.0,Ouvrier,802,94,3 portes,155,4269,Volkswagen,27660,167,772,-10.8295949616
123,34.0,19.0,Etudiant,984,78,5 portes,113,1526,Renault,10230,818,738,17.2859145498
124,,20.0,Cadre,978,73,5 portes,127,6906,Peugeot,48610,552,682,10.6904430523
125,33.0,13.0,Ouvrier,232,88,5 portes,123,6714,Volkswagen,44270,126,682,5.48830556015
126,194.0,7.0,Travailleur non salarie,212,94,3 portes,120,5038,Citroen,33560,26,791,-0.295122154997
127,30.0,24.0,Etudiant,634,66,SUV,87,6748,Toyota,45970,10,736,29.3744425871
128,0.0,4.0,Cadre,227,74,3 portes,102,2367,Citroen,13200,268,825,4.40271419289
129,35.0,3.0,Cadre,725,104,3 portes,141,2997,Opel,19990,30,575,-9.58134570782
130,31.0,6.0,Cadre,627,93,5 portes,122,135,Renault,3110,496,771,14.4050767239
131,21.0,13.0,Travailleur non salarie,733,88,5 portes,101,9673,Renault,68980,390,757,-2.63935725786
132,19.0,27.0,Etudiant,553,93,3 portes,104,1226,Volkswagen,10410,58,933,-4.32544653716
133,,2.0,Ouvrier,417,87,3 portes,134,873,Citroen,5380,101,843,2.99770876306
134,27.0,48.0,Cadre,959,113,SUV,132,3081,Volkswagen,25340,149,927,40.2634751658
135,29.0,36.0,Cadre,782,124,5 portes,158,2225,Toyota,21990,475,821,11.3047416064
136,24.0,7.0,Ouvrier,205,131,5 portes,157,3492,Citroen,24140,570,890,10.0996403829
137,41.0,25.0,Sans emploi,279,110,5 portes,145,4570,Citroen,36670,305,693,15.8462028258
138,61.0,9.0,Cadre,705,111,5 portes,170,4159,Volkswagen,35950,924,886,17.3359019788
139,21.0,24.0,Cadre,430,121,SUV,142,3266,Citroen,21560,217,820,21.9528285292
140,18.0,55.0,Sans emploi,526,126,5 portes,145,3588,Renault,27610,668,643,12.2925025009
141,64.0,20.0,Cadre,825,121,SUV,186,4439,Volkswagen,29340,207,838,47.0802006757
142,67.0,8.0,Ouvrier,483,118,Utilitaire,192,4491,Peugeot,33300,303,864,50.7479135772
143,40.0,17.0,Cadre,940,90,5 portes,134,2940,Citroen,24510,676,1010,12.3287132089
144,33.0,10.0,Ouvrier,776,76,3 portes,106,3389,Renault,28080,412,908,-17.6805533944
145,20.0,25.0,Ouvrier,641,113,Utilitaire,132,5323,Renault,39070,259,820,46.580346594
146,43.0,19.0,Ouvrier,344,98,5 portes,136,2013,Peugeot,15050,270,719,15.1067382896
147,28.0,16.0,Etudiant,527,99,Utilitaire,124,1733,Toyota,15020,183,803,49.3236453251
148,36.0,8.0,Ouvrier,810,86,Utilitaire,122,3650,Peugeot,26540,13,897,62.7070238809
149,35.0,19.0,Cadre,992,80,SUV,103,1250,Volkswagen,14130,193,895,44.4656735871
150,43.0,37.0,Cadre,258,121,3 portes,164,3421,Citroen,23900,64,892,7.20300116866
151,56.0,19.0,Etudiant,307,106,5 portes,161,446,Renault,9400,17,785,25.312835011
152,42.0,30.0,Sans emploi,792,84,5 portes,124,1725,Citroen,12760,630,772,20.297000882
153,44.0,20.0,Cadre,867,105,3 portes,142,2828,Peugeot,17360,560,830,-12.0908265756
154,,31.0,Sans emploi,271,104,5 portes,121,7351,Toyota,47640,484,920,7.37879533145
155,50.0,16.0,Ouvrier,863,107,3 portes,153,8835,Peugeot,55850,859,680,-18.5240918298
156,25.0,7.0,Travailleur non salarie,829,133,SUV,157,7698,Citroen,59340,22,855,30.3905500062
157,28.0,12.0,Etudiant,750,99,Utilitaire,114,1616,Renault,8660,191,675,65.2551812316
158,33.0,34.0,Cadre,471,80,3 portes,111,4407,Citroen,26630,545,817,-5.54364783522
159,35.0,21.0,Cadre,555,100,5 portes,137,3983,Renault,24450,33,873,10.8808337028
160,22.0,18.0,Ouvrier,493,90,5 portes,107,3421,Opel,27200,470,882,5.52682831275
161,33.0,29.0,Travailleur non salarie,872,108,3 portes,136,1325,Toyota,7840,184,756,-13.7472069793
162,38.0,28.0,Ouvrier,462,103,Utilitaire,144,7675,Toyota,47220,481,1019,37.5869210246
163,25.0,30.0,Etudiant,458,105,5 portes,143,1612,Peugeot,16530,432,862,14.7119134527
164,37.0,11.0,Cadre,948,91,5 portes,131,10571,,72330,60,614,2.05967281784
165,43.0,21.0,Ouvrier,935,106,3 portes,152,2373,Renault,12720,441,896,-12.8983613707
166,20.0,23.0,Sans emploi,974,92,5 portes,112,1297,Volkswagen,11520,597,727,13.1841211039
167,24.0,3.0,Cadre,846,107,SUV,134,3071,Renault,19460,557,908,36.057052394
168,24.0,52.0,Cadre,269,95,Utilitaire,121,5687,Citroen,43560,841,873,20.6021191956
169,32.0,10.0,Ouvrier,272,83,SUV,110,4959,,37560,636,861,15.3470364091
170,25.0,17.0,Ouvrier,645,107,5 portes,133,3835,Citroen,29710,469,791,8.44316850887
171,48.0,14.0,Cadre,884,89,3 portes,141,3750,Citroen,25580,842,582,-14.5160272443
172,36.0,35.0,Cadre,907,121,SUV,153,2205,Renault,15760,576,774,43.5033584218
173,43.0,21.0,Etudiant,709,106,3 portes,150,5365,Peugeot,34220,397,861,-6.14219379266
174,41.0,5.0,Etudiant,964,107,5 portes,154,5491,Renault,41730,171,748,13.6282937061
175,32.0,19.0,Cadre,321,101,5 portes,137,1074,Volkswagen,7980,935,628,14.0842581977
176,31.0,34.0,Ouvrier,377,99,5 portes,129,2654,Citroen,15220,663,781,11.447972237
177,24.0,11.0,Etudiant,465,64,SUV,98,2204,Toyota,13470,95,686,27.9492056878
178,40.0,28.0,Ouvrier,405,118,5 portes,163,2564,Citroen,22590,786,758,14.7428188621
179,45.0,8.0,Cadre,449,87,5 portes,130,2769,Peugeot,17060,249,715,15.1563798162
180,30.0,17.0,Travailleur non salarie,294,114,SUV,134,2766,Citroen,21040,960,709,21.3780738185
181,49.0,36.0,Ouvrier,500,90,SUV,137,17156,Peugeot,118750,997,942,12.0609913484
182,23.0,36.0,Cadre,223,97,5 portes,120,5536,Volkswagen,37700,565,822,4.8543862698
183,195.0,25.0,Sans emploi,630,96,3 portes,125,5849,Peugeot,36680,643,779,-8.19500142875
184,54.0,22.0,Ouvrier,956,84,SUV,138,2536,Toyota,17350,173,718,48.0352612281
185,26.0,10.0,Ouvrier,556,97,5 portes,131,7204,Renault,56920,958,734,1.94179008913
186,18.0,37.0,Cadre,699,107,3 portes,129,5147,,40830,160,716,-20.3251369633
187,28.0,13.0,Cadre,689,93,3 portes,127,3657,Peugeot,23040,912,888,-13.0054551421
188,36.0,13.0,Ouvrier,946,81,5 portes,110,5823,Volkswagen,41670,5,831,6.81386797626
189,31.0,5.0,Cadre,787,91,3 portes,122,4848,Toyota,29960,214,820,-16.0105304012
190,32.0,2.0,Etudiant,859,103,3 portes,141,3058,Citroen,20450,805,768,-11.5767293916
191,30.0,25.0,Cadre,468,117,SUV,142,3594,Citroen,27780,624,769,25.7758448924
192,30.0,24.0,Travailleur non salarie,925,112,5 portes,151,9496,Citroen,62690,954,739,2.43196450735
193,46.0,16.0,Etudiant,348,104,3 portes,143,4486,Volkswagen,34230,873,969,5.5159606254
194,45.0,19.0,Ouvrier,526,85,3 portes,126,4465,Citroen,38440,632,906,-7.08583280504
195,25.0,17.0,Cadre,789,113,Utilitaire,145,12150,Peugeot,77830,175,824,48.9166960847
196,27.0,29.0,Etudiant,466,100,3 portes,116,1613,Citroen,17980,938,956,0.338206455324
197,27.0,11.0,Cadre,908,96,SUV,126,4225,Toyota,27350,791,702,37.9244973154
198,25.0,19.0,Sans emploi,888,113,SUV,131,8765,Peugeot,58070,432,737,35.7708649868
199,18.0,13.0,Etudiant,332,109,SUV,121,1899,Peugeot,12780,228,839,24.1192485688
200,36.0,30.0,Cadre,384,107,5 portes,143,582,,9970,462,848,15.5781985763
201,39.0,4.0,Cadre,241,82,SUV,120,14558,Peugeot,98360,546,808,4.54084506932
202,18.0,26.0,Etudiant,886,90,SUV,110,2710,,24020,821,750,39.7387971963
203,40.0,23.0,Cadre,471,74,SUV,113,1943,Toyota,18310,978,797,28.0077999499
204,36.0,6.0,Cadre,514,102,3 portes,136,6242,Renault,44960,701,1033,-8.68669039009
205,0.0,22.0,Etudiant,416,100,SUV,138,8757,Toyota,58540,452,675,24.4340360347
206,28.0,9.0,Etudiant,298,113,5 portes,142,5428,Peugeot,36950,965,841,12.8054736281
207,69.0,29.0,Etudiant,565,103,SUV,159,3842,Renault,24060,638,831,44.4868968013
208,0.0,28.0,Etudiant,387,94,5 portes,122,5869,Peugeot,42640,699,863,8.18557492284
209,18.0,16.0,Etudiant,650,131,3 portes,149,4561,Volkswagen,32530,252,826,-10.6405735773
210,42.0,21.0,Etudiant,362,84,SUV,132,2815,Toyota,23690,301,710,29.6439594592
211,20.0,15.0,Cadre,609,79,5 portes,105,2695,Peugeot,19980,107,848,7.51578846734
212,28.0,22.0,Cadre,958,90,Utilitaire,110,6412,Renault,42810,431,885,67.6996941539
213,31.0,20.0,Ouvrier,497,107,3 portes,140,3360,Citroen,24570,418,705,-4.53428776917
214,30.0,24.0,Cadre,963,94,3 portes,119,1772,Peugeot,10740,430,721,-19.6183440419
215,168.0,29.0,Cadre,245,93,SUV,110,4291,Peugeot,32050,466,780,12.3122657024
216,61.0,13.0,Cadre,639,83,3 portes,147,8386,Renault,60780,721,845,-10.8438785168
217,23.0,14.0,Etudiant,679,122,5 portes,147,3138,Renault,21830,761,709,14.3478690995
218,43.0,19.0,Cadre,969,90,SUV,135,9778,Citroen,69130,224,807,35.2200238252
219,32.0,22.0,Cadre,940,83,5 portes,114,6746,Citroen,45150,883,757,4.09194113858
220,68.0,42.0,Etudiant,608,98,3 portes,166,9069,Renault,62860,399,612,-1.80114735188
221,37.0,18.0,Cadre,807,87,SUV,118,6594,Renault,40070,683,708,33.9822813993
222,50.0,15.0,Ouvrier,980,96,3 portes,142,3463,Peugeot,25010,934,912,-16.4860205249
223,28.0,10.0,Ouvrier,789,120,5 portes,150,6036,Peugeot,43050,210,943,7.00299676677
224,33.0,0.0,Etudiant,963,93,3 portes,120,3638,Volkswagen,29110,627,864,-16.8916899676
225,24.0,43.0,Ouvrier,951,99,5 portes,119,2961,Peugeot,20650,915,718,8.522109874
226,38.0,11.0,Etudiant,585,94,5 portes,135,2515,Renault,15220,430,852,16.4444360181
227,48.0,,Cadre,727,97,SUV,144,2101,Peugeot,17300,503,767,39.9609913577
228,60.0,11.0,Etudiant,343,112,SUV,167,8169,Volkswagen,57360,272,663,28.6707151914
229,31.0,15.0,Etudiant,549,107,SUV,139,3217,Toyota,20010,228,913,33.896051583
230,25.0,24.0,Etudiant,892,94,3 portes,125,7126,Peugeot,50330,90,691,-21.6283300142
231,48.0,24.0,Cadre,661,86,5 portes,129,2986,Citroen,22720,153,804,14.6123543672
232,36.0,14.0,Cadre,423,97,SUV,125,2280,Toyota,12560,651,804,27.1329754878
233,18.0,,Ouvrier,298,112,Utilitaire,130,3344,,23070,643,735,25.9024274746
234,28.0,6.0,Cadre,385,99,SUV,122,1436,Volkswagen,8670,878,949,25.2488296806
235,25.0,21.0,Etudiant,299,98,5 portes,121,3719,Toyota,21940,110,779,12.9305814953
236,27.0,11.0,Sans emploi,387,72,5 portes,96,3248,Peugeot,18730,106,682,13.1800410992
237,36.0,24.0,Cadre,506,114,SUV,145,4082,Peugeot,29790,512,888,28.1554082461
238,50.0,24.0,Cadre,234,77,SUV,126,7048,Peugeot,51180,3,787,17.0770999088
239,48.0,70.0,Ouvrier,870,80,5 portes,128,4000,Peugeot,27010,582,798,12.9594541169
240,,24.0,Etudiant,523,94,SUV,137,3600,Peugeot,25670,683,713,36.2540394166
241,32.0,7.0,Etudiant,653,100,5 portes,136,1040,Peugeot,13930,796,524,17.4007181477
242,43.0,3.0,Cadre,708,100,SUV,149,10876,Citroen,71670,311,776,27.3984846004
243,61.0,27.0,Etudiant,306,88,SUV,147,3713,Peugeot,25930,921,748,31.7552151224
244,22.0,10.0,Cadre,266,95,SUV,117,2379,Toyota,14080,423,907,18.630124407
245,52.0,6.0,Cadre,325,90,3 portes,149,4884,Renault,38300,687,745,1.93631830582
246,24.0,16.0,Ouvrier,988,72,SUV,89,3972,Toyota,23300,176,877,38.8938542173
247,46.0,7.0,Cadre,283,96,Utilitaire,136,1517,Peugeot,12680,191,946,34.9483874844
248,27.0,4.0,Cadre,538,89,5 portes,113,3019,,21510,491,623,9.12962734651
249,48.0,17.0,Travailleur non salarie,900,106,3 portes,153,3966,Peugeot,32670,59,838,-15.7395246842
250,48.0,17.0,Travailleur non salarie,667,97,3 portes,147,3355,Volkswagen,24070,108,672,-6.31253559577
251,24.0,43.0,Etudiant,214,114,5 portes,138,4627,Renault,33200,163,646,11.7108277901
252,26.0,6.0,Ouvrier,910,110,5 portes,126,1707,Peugeot,12600,176,720,11.6749644698
253,26.0,,Etudiant,507,113,5 portes,143,2203,Renault,13890,110,733,15.8688133001
254,47.0,45.0,Etudiant,334,118,SUV,170,2501,Peugeot,17300,276,880,32.8695383006
255,40.0,9.0,Sans emploi,469,110,SUV,144,2059,Volkswagen,11000,642,848,34.9484486283
256,38.0,16.0,Cadre,675,97,SUV,137,9957,Volkswagen,71340,788,738,24.0659195584
257,60.0,3.0,Ouvrier,230,120,5 portes,176,2110,Peugeot,18260,551,670,21.4106053893
258,43.0,12.0,Cadre,714,86,5 portes,126,5921,Peugeot,41520,345,681,9.89497494541
259,31.0,46.0,Sans emploi,688,99,5 portes,126,7054,Toyota,47180,319,787,9.05229662606
260,28.0,30.0,Ouvrier,383,112,SUV,147,4092,Renault,24290,392,928,21.6821658309
261,27.0,1.0,Etudiant,540,95,5 portes,117,3678,Peugeot,22900,284,874,12.8623760215
262,38.0,32.0,Ouvrier,354,110,5 portes,147,3290,Peugeot,29210,831,741,11.2556796584
263,25.0,7.0,Etudiant,217,87,5 portes,114,6075,Peugeot,41210,798,724,9.02245368437
264,25.0,11.0,Ouvrier,667,91,SUV,111,5041,Volkswagen,30180,979,700,28.3426285832
265,41.0,8.0,Cadre,556,108,SUV,147,3677,Peugeot,25520,397,774,30.6395100661
266,49.0,26.0,Etudiant,873,110,SUV,158,5381,Citroen,39480,821,818,45.4000124825
267,59.0,9.0,Sans emploi,359,117,3 portes,184,1207,Citroen,7370,463,805,15.2700157027
268,31.0,8.0,Sans emploi,552,98,3 portes,122,1245,Citroen,10480,895,805,-0.370452095371
269,40.0,23.0,Cadre,733,104,SUV,143,5040,Citroen,33050,424,824,34.6951489663
270,28.0,11.0,Cadre,254,109,5 portes,137,1407,Peugeot,9900,638,861,13.2165726711
271,38.0,23.0,Sans emploi,484,107,5 portes,143,7996,Renault,51100,49,746,12.0099722444
272,39.0,9.0,Cadre,748,80,SUV,125,2305,Renault,14390,429,851,38.062556706
273,18.0,9.0,Cadre,396,91,SUV,108,6903,Peugeot,50860,509,976,13.1366319149
274,19.0,31.0,Ouvrier,491,121,SUV,137,4069,Peugeot,26370,382,888,23.5725526281
275,33.0,10.0,Etudiant,661,81,5 portes,117,4853,Toyota,30700,839,700,12.6488351956
276,29.0,14.0,Ouvrier,527,109,SUV,144,4797,Citroen,35570,257,894,25.7209546922
277,34.0,34.0,Etudiant,901,93,5 portes,122,8461,Opel,60720,522,852,7.85416756395
278,26.0,12.0,Etudiant,887,115,5 portes,145,6007,Renault,50120,927,792,8.85619568594
279,33.0,9.0,Etudiant,867,88,5 portes,124,4487,Volkswagen,28250,696,726,14.4055553291
280,59.0,18.0,Cadre,541,100,Utilitaire,158,1471,Citroen,12360,786,716,55.4756709335
281,35.0,13.0,Sans emploi,352,69,3 portes,99,2351,Citroen,23890,153,713,3.07780312986
282,,13.0,Ouvrier,711,99,5 portes,144,1061,Peugeot,13620,469,823,16.0439818539
283,25.0,17.0,Ouvrier,542,116,5 portes,144,10932,Peugeot,77310,285,685,-1.78916231194
284,34.0,8.0,Sans emploi,604,77,SUV,106,3440,Peugeot,21420,823,823,34.8773139656
285,48.0,8.0,Cadre,720,117,5 portes,162,742,Renault,5510,140,619,19.5654485545
286,34.0,3.0,Sans emploi,951,89,3 portes,131,7911,Renault,53730,481,801,-22.2434472451
287,60.0,11.0,Sans emploi,846,99,5 portes,155,3582,Peugeot,28930,655,693,22.1082972113
288,51.0,5.0,Etudiant,298,58,SUV,98,1122,Renault,12550,376,917,30.332172997
289,26.0,6.0,Etudiant,925,116,SUV,140,2742,Renault,16100,656,838,45.6586178816
290,58.0,13.0,Cadre,741,86,5 portes,144,2741,,17470,459,685,18.7259714106
291,24.0,29.0,Ouvrier,455,91,SUV,118,766,Citroen,5470,917,637,25.9165888509
292,29.0,24.0,Cadre,783,80,5 portes,106,2722,Citroen,14570,903,813,10.4408836721
293,37.0,24.0,Etudiant,579,85,3 portes,131,5370,Citroen,40920,961,890,-7.3031751826
294,41.0,25.0,Cadre,648,117,Utilitaire,155,9582,Renault,68550,231,748,47.2420824768
295,28.0,26.0,Cadre,657,92,5 portes,120,1257,Renault,5210,52,795,13.2065155249
296,28.0,37.0,Etudiant,321,113,5 portes,146,4557,Citroen,25470,913,770,14.2647995367
297,25.0,32.0,Etudiant,489,97,SUV,122,1944,Volkswagen,13580,407,851,30.8321840386
298,18.0,16.0,Ouvrier,548,105,SUV,110,3895,Toyota,21390,101,733,24.9026132471
299,19.0,18.0,Ouvrier,246,92,5 portes,114,4550,Volkswagen,33960,597,790,3.75174375087
300,51.0,,Travailleur non salarie,778,106,5 portes,158,3624,Citroen,24220,517,806,16.2666077892
301,22.0,16.0,Cadre,461,138,3 portes,156,924,Volkswagen,7080,361,917,-1.1317564761
302,46.0,17.0,Etudiant,581,109,3 portes,160,678,Peugeot,10310,46,833,4.17851780627
303,20.0,12.0,Etudiant,958,107,5 portes,132,2450,Volkswagen,16250,223,948,13.1826987581
304,30.0,5.0,Ouvrier,894,92,SUV,119,5059,Peugeot,32150,287,873,36.4401901836
305,55.0,14.0,Etudiant,418,115,5 portes,162,9957,Citroen,70220,819,709,12.365419908
306,44.0,5.0,Etudiant,520,120,SUV,154,4107,Volkswagen,29000,726,755,35.1460897184
307,31.0,,Sans emploi,656,74,SUV,104,4790,Renault,28660,378,692,33.7029063138
308,19.0,27.0,Etudiant,295,79,3 portes,95,1575,Renault,15400,968,910,2.35822837646
309,124.0,12.0,Etudiant,836,131,5 portes,254,2335,Opel,21590,934,812,44.5022987395
310,41.0,24.0,Ouvrier,459,106,5 portes,133,2271,Peugeot,18190,643,905,14.3097847642
311,33.0,28.0,Cadre,292,101,SUV,133,8858,Volkswagen,66200,136,801,11.1691713926
312,27.0,7.0,Etudiant,765,108,SUV,128,5171,Renault,31490,491,1037,37.4537667301
313,41.0,10.0,Cadre,611,116,SUV,154,1097,Renault,6600,187,960,37.7135895515
314,34.0,7.0,Cadre,221,112,5 portes,157,1726,Volkswagen,15110,503,754,13.9893329329
315,39.0,8.0,Cadre,650,96,5 portes,134,2338,Renault,18520,172,775,13.4512111246
316,37.0,35.0,Cadre,811,130,5 portes,171,6237,Citroen,33650,477,726,12.333509273
317,31.0,31.0,Cadre,224,100,5 portes,132,1329,Peugeot,11440,485,715,11.6841391055
318,30.0,6.0,Etudiant,726,86,SUV,119,1196,Volkswagen,11040,832,799,40.4367926777
319,48.0,18.0,Etudiant,400,91,5 portes,139,3783,Citroen,25420,656,818,18.7763373658
320,22.0,18.0,Ouvrier,548,98,SUV,119,4849,Renault,31710,102,878,23.3824297075
321,31.0,8.0,Etudiant,257,94,Utilitaire,130,3477,Volkswagen,23570,678,778,31.28353823
322,49.0,4.0,Sans emploi,625,97,5 portes,139,3141,Toyota,25170,360,825,19.204412654
323,32.0,23.0,Etudiant,951,104,SUV,132,3554,Volkswagen,28940,935,805,45.9242877849
324,34.0,6.0,Ouvrier,443,50,5 portes,86,5072,Peugeot,33420,498,785,7.03294575536
325,26.0,44.0,Etudiant,250,88,SUV,114,2890,Citroen,20420,620,679,21.1350465466
326,29.0,20.0,Etudiant,878,114,Utilitaire,153,12234,Citroen,91390,488,560,58.2257033595
327,39.0,12.0,Cadre,958,108,Utilitaire,147,3435,Volkswagen,19950,424,703,75.677706759
328,59.0,39.0,Sans emploi,592,89,3 portes,147,2620,,15630,735,881,4.65359496614
329,41.0,80.0,Ouvrier,926,90,Utilitaire,132,3700,Renault,26750,519,919,72.3491719499
330,46.0,22.0,Cadre,926,117,3 portes,155,2978,Peugeot,21760,821,699,-15.4477426839
331,22.0,10.0,Etudiant,787,96,3 portes,125,4537,Peugeot,30950,592,698,-14.9090250052
332,38.0,30.0,Travailleur non salarie,865,92,3 portes,128,5599,Renault,41600,533,625,-19.830541316
333,20.0,18.0,Cadre,329,127,5 portes,150,2261,Renault,20550,381,769,9.47265287711
334,27.0,31.0,Cadre,876,94,Utilitaire,116,2291,Citroen,14910,882,972,66.2290488671
335,21.0,41.0,Ouvrier,532,110,Utilitaire,124,299,Peugeot,7130,329,745,45.6684519339
336,55.0,9.0,Cadre,429,99,SUV,153,5592,Peugeot,37780,584,828,28.172414623
337,43.0,42.0,Ouvrier,649,100,SUV,141,2905,Peugeot,25380,158,810,34.6052931556
338,26.0,17.0,Etudiant,885,85,Utilitaire,113,1220,Renault,8890,770,880,73.3721056848
339,50.0,18.0,Ouvrier,546,87,5 portes,134,370,Peugeot,3070,555,748,18.5799221253
340,23.0,11.0,Etudiant,262,118,3 portes,153,6261,Peugeot,37590,978,849,2.06583799732
341,37.0,31.0,Sans emploi,429,82,3 portes,119,3097,Volkswagen,25410,536,797,1.00047040799
342,18.0,,Cadre,428,104,SUV,116,3106,Toyota,26700,489,593,20.1466898092
343,44.0,1.0,Etudiant,757,82,5 portes,125,5381,Peugeot,39930,284,946,13.6645120552
344,34.0,9.0,Cadre,964,96,SUV,136,3166,Peugeot,26100,135,819,42.2974817417
345,42.0,15.0,Etudiant,640,99,SUV,141,5379,Peugeot,39720,633,711,35.5520798738
346,20.0,52.0,Etudiant,402,75,SUV,90,5188,Citroen,34850,216,649,20.8250835433
347,32.0,6.0,Travailleur non salarie,762,117,SUV,146,3810,Toyota,23970,487,714,36.6282265169
348,30.0,13.0,Sans emploi,318,97,SUV,130,6949,Citroen,42840,293,873,20.9791702551
349,26.0,54.0,Cadre,249,118,5 portes,151,3800,Citroen,29180,778,713,9.96802480982
350,39.0,23.0,Cadre,719,85,SUV,120,7812,Citroen,45450,993,744,29.5914265717
351,46.0,17.0,Cadre,500,113,SUV,166,4049,Opel,21410,123,744,32.5952677199
352,47.0,16.0,Cadre,560,135,SUV,178,5546,Toyota,39540,821,842,32.8063819081
353,23.0,3.0,Ouvrier,259,103,3 portes,136,3651,Renault,33580,993,882,-2.37348913758
354,42.0,8.0,Etudiant,583,90,Utilitaire,130,8018,Volkswagen,56420,735,733,47.7024561734
355,27.0,19.0,Etudiant,684,107,5 portes,127,1144,Peugeot,7760,802,610,16.8979540126
356,30.0,15.0,Etudiant,986,102,SUV,130,1870,Opel,21140,810,764,47.1520194968
357,57.0,23.0,Cadre,217,96,3 portes,152,1159,Renault,7860,52,605,13.6740089921
358,50.0,13.0,Etudiant,613,98,Utilitaire,151,3945,Citroen,28320,942,931,58.8090361661
359,47.0,25.0,Travailleur non salarie,589,91,5 portes,143,110,Citroen,3520,388,829,18.8324525732
360,33.0,7.0,Ouvrier,700,106,5 portes,141,2329,Renault,14110,701,841,12.8815830058
361,31.0,2.0,Etudiant,882,94,SUV,120,6296,,40560,867,764,39.1078916681
362,18.0,9.0,Cadre,598,87,3 portes,105,1882,Opel,14880,298,806,-11.1644183356
363,41.0,11.0,Sans emploi,658,112,3 portes,151,9646,Citroen,66720,623,668,-11.2317218747
364,27.0,14.0,Etudiant,602,97,5 portes,124,1208,Peugeot,10750,115,695,15.8425123865
365,23.0,2.0,Etudiant,837,139,5 portes,159,5392,Peugeot,40500,975,789,12.2363961406
366,,14.0,Cadre,925,96,3 portes,128,2156,Volkswagen,14820,478,900,-16.9105181003
367,37.0,18.0,Cadre,458,89,3 portes,138,3680,Citroen,23930,469,833,-2.95632098445
368,44.0,29.0,Cadre,779,91,SUV,133,6565,Citroen,47930,83,753,33.4639989704
369,36.0,8.0,Etudiant,723,105,SUV,131,5024,Peugeot,42920,361,829,34.9614265156
370,32.0,39.0,Cadre,498,89,5 portes,118,3588,Volkswagen,23070,181,886,10.3288102576
371,37.0,15.0,Ouvrier,842,81,SUV,123,5484,Peugeot,43980,237,925,34.3412744511
372,23.0,25.0,Cadre,756,124,Utilitaire,149,3119,Peugeot,21410,413,719,59.7951169864
373,64.0,14.0,Etudiant,593,81,3 portes,140,4588,Citroen,25890,741,902,3.95547790942
374,20.0,10.0,Etudiant,657,122,5 portes,147,7674,Citroen,53780,962,840,7.13849739881
375,42.0,11.0,Ouvrier,959,102,5 portes,155,4127,Peugeot,33060,55,801,11.6928786077
376,34.0,15.0,Cadre,712,84,SUV,110,2649,Toyota,23660,825,908,33.0663604522
377,23.0,64.0,Cadre,707,124,5 portes,146,3113,Citroen,17700,872,814,11.6082448977
378,30.0,11.0,Ouvrier,504,96,Utilitaire,129,6190,Volkswagen,43390,234,784,38.279637361
379,29.0,31.0,Etudiant,825,84,SUV,119,2334,Volkswagen,14450,637,788,40.809950304
380,31.0,33.0,Cadre,897,100,5 portes,132,2426,Renault,13740,184,981,12.311886595
381,22.0,21.0,Sans emploi,447,119,3 portes,145,6592,,46320,895,828,-5.68973173486
382,27.0,36.0,Cadre,461,110,3 portes,131,792,Peugeot,6630,435,908,-1.1231343162
383,31.0,11.0,Sans emploi,738,112,3 portes,150,10334,Citroen,75660,92,835,-18.6061400505
384,54.0,5.0,Cadre,431,126,Utilitaire,175,1271,Citroen,19690,245,771,47.7076557519
385,21.0,12.0,Etudiant,265,103,3 portes,114,2829,Citroen,25120,430,816,3.26517923346
386,51.0,15.0,Travailleur non salarie,430,105,Utilitaire,156,6005,Peugeot,42280,172,995,40.3776422425
387,26.0,44.0,Etudiant,757,96,5 portes,122,3930,Renault,28130,611,786,12.4130955813
388,18.0,30.0,Ouvrier,602,78,3 portes,91,1624,Opel,9960,650,860,-11.8149381927
389,36.0,13.0,Etudiant,664,97,SUV,130,6978,Peugeot,49290,297,833,32.4833647447
390,55.0,4.0,Sans emploi,700,124,SUV,180,4509,Citroen,31010,78,866,44.6433593027
391,36.0,16.0,Ouvrier,628,74,5 portes,107,1896,Peugeot,10520,518,758,13.1030679732
392,30.0,25.0,Etudiant,969,120,SUV,146,4670,Citroen,35790,919,600,45.4133663268
393,45.0,25.0,Cadre,848,103,SUV,151,5660,Toyota,40630,904,729,38.4501945189
394,27.0,5.0,Etudiant,970,86,5 portes,115,2172,Volkswagen,20830,738,653,13.8825888218
395,32.0,23.0,Etudiant,754,100,5 portes,127,2582,Peugeot,14670,370,924,16.6392313797
396,33.0,14.0,Cadre,841,126,3 portes,158,2504,Renault,17400,370,658,-14.0635905507
397,33.0,15.0,Etudiant,801,91,SUV,120,733,Renault,3420,389,894,44.4594872157
398,46.0,2.0,Cadre,952,111,3 portes,158,12179,Toyota,79860,282,753,-26.3034120707
399,42.0,4.0,Etudiant,472,116,SUV,161,6098,Peugeot,38910,211,663,30.8594331676
400,28.0,28.0,Etudiant,459,86,3 portes,118,4544,Renault,32020,380,752,-3.17503637494
401,23.0,34.0,Ouvrier,209,109,SUV,129,2753,Opel,16520,980,832,16.5259759746
402,21.0,7.0,Ouvrier,254,108,3 portes,130,-8,Peugeot,4950,55,853,4.2381956514
403,19.0,37.0,Ouvrier,969,92,3 portes,107,2528,Citroen,16180,604,777,-23.5575419453
404,26.0,18.0,Etudiant,579,110,5 portes,140,2400,Volkswagen,16320,121,812,15.4682264623
405,39.0,5.0,Etudiant,297,94,3 portes,134,1192,Peugeot,14010,46,783,8.60347678021
406,32.0,42.0,Sans emploi,286,91,3 portes,121,3844,Peugeot,22230,24,752,5.25964614121
407,56.0,7.0,Etudiant,614,81,SUV,138,3527,,27160,527,794,38.6999595458
408,32.0,25.0,Ouvrier,721,105,SUV,128,5200,Peugeot,34010,971,927,31.8374371382
409,51.0,5.0,Travailleur non salarie,867,93,5 portes,138,1675,Toyota,13200,636,799,17.2522089866
410,28.0,8.0,Sans emploi,657,91,SUV,118,3695,Citroen,22390,188,950,35.1532377208
411,23.0,11.0,Etudiant,467,82,SUV,111,4661,Peugeot,28040,962,813,25.1617243428
412,25.0,15.0,Cadre,760,79,Utilitaire,101,1377,Toyota,12550,433,934,58.9697997044
413,56.0,6.0,Etudiant,350,88,Utilitaire,145,4143,Peugeot,34360,504,674,41.657956394
414,22.0,2.0,Ouvrier,466,110,5 portes,137,1827,Renault,13250,577,712,10.8144918933
415,22.0,7.0,Etudiant,296,87,Utilitaire,105,4944,Citroen,31640,537,936,28.6207984294
416,59.0,10.0,Cadre,744,121,SUV,181,5514,Renault,39900,186,737,39.8491870862
417,38.0,19.0,Etudiant,631,106,5 portes,141,2278,Renault,18100,782,914,18.6467493272
418,35.0,8.0,Cadre,551,102,SUV,147,4826,,32080,843,663,27.458516912
419,28.0,27.0,Cadre,384,81,5 portes,109,2243,Renault,25370,322,845,8.66837499732
420,45.0,7.0,Cadre,874,129,5 portes,178,1187,Renault,10640,237,715,19.0888768077
421,33.0,16.0,Ouvrier,517,78,5 portes,107,4239,,34520,834,745,8.03930906913
422,24.0,39.0,Travailleur non salarie,929,108,5 portes,133,11948,Peugeot,82610,527,877,-2.97233993406
423,23.0,5.0,Cadre,417,125,3 portes,145,383,Renault,5260,960,678,-0.0204475568483
424,41.0,15.0,Cadre,709,97,3 portes,144,4525,Peugeot,35580,812,532,-12.6475311772
425,22.0,13.0,Ouvrier,789,89,3 portes,104,6061,Citroen,43670,906,766,-23.2121934832
426,28.0,5.0,Etudiant,335,99,SUV,136,3050,Peugeot,26490,204,900,23.6567385645
427,39.0,12.0,Etudiant,345,113,5 portes,152,6473,Renault,45360,120,800,14.2352412386
428,24.0,22.0,Cadre,811,120,3 portes,146,3587,Volkswagen,27500,369,767,-16.5749693639
429,33.0,0.0,Cadre,271,109,3 portes,138,2792,Citroen,20870,322,792,4.02084989982
430,26.0,10.0,Ouvrier,582,83,SUV,110,7070,,52000,30,697,21.0279404462
431,44.0,20.0,Etudiant,266,89,SUV,133,7271,Citroen,47710,74,675,21.6010441533
432,37.0,64.0,Sans emploi,970,103,5 portes,139,4584,Renault,32470,91,520,15.1606676936
433,33.0,9.0,Travailleur non salarie,868,80,SUV,114,6529,Toyota,43870,231,907,33.4210272314
434,48.0,15.0,Etudiant,385,96,5 portes,137,4407,Renault,29170,962,654,17.7915953394
435,25.0,19.0,Etudiant,874,133,5 portes,143,4205,Citroen,32260,471,857,13.4311107953
436,43.0,16.0,Etudiant,798,84,SUV,130,2284,Renault,14000,814,946,45.352315535
437,43.0,,Etudiant,286,117,Utilitaire,152,9390,Peugeot,64510,94,924,30.1559714849
438,31.0,35.0,Etudiant,413,86,SUV,119,1999,Renault,12900,15,589,29.3732248955
439,30.0,4.0,Travailleur non salarie,713,94,5 portes,116,1873,Citroen,14510,293,906,11.9023737833
440,25.0,15.0,Etudiant,765,98,5 portes,120,2423,Renault,18460,673,796,13.4603696932
441,62.0,5.0,Cadre,474,77,3 portes,150,5678,Toyota,37000,821,660,0.134220688049
442,26.0,4.0,Ouvrier,303,98,5 portes,132,14773,Peugeot,95780,242,855,-5.60742958885
443,22.0,23.0,Travailleur non salarie,595,119,Utilitaire,141,6020,Volkswagen,45050,508,833,42.8685926238
444,75.0,4.0,Sans emploi,811,110,5 portes,182,3958,Citroen,25840,807,840,27.9746160625
445,35.0,4.0,Etudiant,616,110,5 portes,149,1284,Renault,10270,840,598,19.0149026025
446,29.0,23.0,Cadre,355,87,3 portes,104,3526,Citroen,21940,319,775,-2.26644534373
447,32.0,8.0,Ouvrier,443,97,3 portes,136,1693,Peugeot,10320,957,970,-0.974201493345
448,31.0,20.0,Sans emploi,805,103,Utilitaire,131,5847,Citroen,37220,627,715,64.2211678899
449,25.0,18.0,Ouvrier,568,110,5 portes,130,2882,Peugeot,29960,669,773,8.53720897328
450,22.0,20.0,Etudiant,812,120,3 portes,142,6328,Citroen,46400,674,688,-16.561245768
451,31.0,61.0,Etudiant,340,85,SUV,112,588,Volkswagen,7580,315,750,27.8740216647
452,32.0,3.0,Ouvrier,747,125,SUV,153,4696,Renault,33250,560,831,33.6943410343
453,26.0,2.0,Cadre,839,95,5 portes,125,4599,Peugeot,34730,369,789,6.25715423657
454,34.0,34.0,Ouvrier,909,96,5 portes,129,4352,Peugeot,32710,423,962,8.38493938007
455,39.0,15.0,Etudiant,438,81,SUV,116,3325,Citroen,20890,586,770,30.9059484898
456,30.0,37.0,Cadre,929,98,3 portes,129,2708,Citroen,12300,475,812,-17.7795373335
457,45.0,12.0,Ouvrier,668,96,SUV,143,3030,Opel,31100,87,842,34.0934089663
458,28.0,6.0,Etudiant,435,81,5 portes,112,3199,Toyota,23480,889,921,12.9329222954
459,34.0,6.0,Cadre,224,95,5 portes,127,5754,Peugeot,39190,266,795,6.96622010456
460,55.0,20.0,Cadre,731,101,SUV,152,4150,Peugeot,29040,90,776,39.0710269148
461,41.0,45.0,Sans emploi,959,93,SUV,139,1408,Volkswagen,11070,975,713,50.8192643792
462,40.0,12.0,Cadre,659,111,5 portes,150,574,Renault,8760,561,1041,16.3479672868
463,73.0,3.0,Ouvrier,440,84,SUV,161,7855,Opel,58290,543,655,28.6874628284
464,30.0,26.0,Ouvrier,463,113,3 portes,135,1662,Peugeot,9100,230,846,-1.46026444496
465,46.0,26.0,Cadre,592,97,5 portes,137,7313,Renault,47430,908,796,9.37906015642
466,39.0,18.0,Etudiant,987,105,SUV,144,3376,Volkswagen,23300,115,731,49.71502293
467,27.0,14.0,Ouvrier,544,72,SUV,100,2444,Citroen,20040,949,783,25.3694838809
468,41.0,11.0,Etudiant,509,101,5 portes,145,2882,Volkswagen,19840,289,715,18.7112861834
469,76.0,17.0,Sans emploi,595,99,SUV,181,6235,Volkswagen,44490,585,934,42.6545892038
470,40.0,13.0,Etudiant,377,114,5 portes,161,5928,Renault,39590,985,919,15.6300211594
471,28.0,5.0,Etudiant,432,82,5 portes,108,6330,Renault,43900,760,639,8.71603384116
472,38.0,6.0,Cadre,848,120,SUV,158,2086,Peugeot,16780,470,714,43.9948893406
473,20.0,23.0,Ouvrier,914,83,5 portes,107,5461,Volkswagen,37560,979,809,4.49435994472
474,35.0,34.0,Ouvrier,496,119,5 portes,155,3296,Renault,27200,175,869,12.0783451434
475,29.0,28.0,Etudiant,585,108,SUV,137,2650,Toyota,15680,777,860,35.5529990923
476,47.0,8.0,Cadre,922,88,SUV,145,7931,Opel,51380,875,891,38.7859778492
477,19.0,29.0,Cadre,770,132,5 portes,157,3735,Renault,30270,647,885,7.37144231322
478,33.0,12.0,Etudiant,566,82,SUV,106,857,Renault,4530,662,652,36.2935102858
479,,7.0,Cadre,966,97,3 portes,135,757,Renault,8770,625,690,-14.8573525171
480,34.0,23.0,Etudiant,908,103,SUV,135,1662,Volkswagen,7890,124,847,48.2854660894
481,43.0,28.0,Cadre,570,107,5 portes,159,5809,Peugeot,37500,102,747,10.9303369349
482,33.0,12.0,Cadre,354,103,3 portes,127,1352,Renault,10270,869,752,2.60971242716
483,33.0,10.0,Cadre,868,111,SUV,146,6131,Volkswagen,39440,618,860,36.7512405863
484,27.0,3.0,Ouvrier,918,106,5 portes,134,4625,Peugeot,33890,556,738,7.58480554891
485,59.0,23.0,Cadre,737,100,SUV,155,3502,Volkswagen,26770,416,684,41.1088091418
486,37.0,13.0,Cadre,844,86,3 portes,127,2464,Renault,19240,178,729,-15.6179403324
487,30.0,2.0,Cadre,215,94,Utilitaire,122,1925,Peugeot,13970,613,563,26.2076004164
488,19.0,11.0,Cadre,696,113,5 portes,123,10304,Volkswagen,73260,467,814,-1.67472895497
489,40.0,17.0,Etudiant,845,82,3 portes,116,8174,Toyota,56680,950,1005,-17.5729798695
490,38.0,13.0,Ouvrier,428,101,3 portes,145,4361,Opel,32680,289,755,-2.82207586505
491,20.0,17.0,Sans emploi,324,69,5 portes,85,3825,Peugeot,24100,939,665,10.6219130191
492,40.0,15.0,Etudiant,912,89,3 portes,135,4653,,29000,839,670,-13.6502806185
493,42.0,11.0,Etudiant,825,75,5 portes,117,1484,Peugeot,12130,974,676,19.2481691726
494,64.0,21.0,Sans emploi,486,118,Utilitaire,173,5196,Toyota,41370,267,706,53.0200050385
495,26.0,16.0,Etudiant,662,72,3 portes,89,7224,Peugeot,48040,31,725,-14.7572766692
496,49.0,15.0,Etudiant,382,96,5 portes,147,6079,Peugeot,38570,975,743,16.3141156338
497,47.0,55.0,Etudiant,465,110,5 portes,164,2248,Peugeot,16310,590,727,21.7588008793
498,,10.0,Cadre,749,109,5 portes,150,3188,Peugeot,26820,441,803,13.3258826419
499,41.0,12.0,Ouvrier,808,111,SUV,150,6171,Opel,42270,166,706,36.5395339892
500,28.0,10.0,Cadre,903,115,SUV,141,4109,Renault,23430,103,794,40.0330868874
501,22.0,26.0,Etudiant,727,107,5 portes,128,3010,Citroen,27640,901,626,10.9138949526
502,53.0,34.0,Sans emploi,839,112,5 portes,164,4894,Renault,32590,401,717,19.9446069537
503,40.0,16.0,Etudiant,351,99,5 portes,136,3636,Opel,26550,637,890,16.4430510338
504,29.0,10.0,Cadre,775,99,5 portes,125,2502,Citroen,20510,233,742,10.5516331202
505,24.0,20.0,Ouvrier,984,73,5 portes,93,3567,Volkswagen,23230,163,896,7.59324004558
506,58.0,4.0,Sans emploi,927,102,5 portes,158,2052,,18910,267,757,23.697908649
507,44.0,44.0,Etudiant,827,119,SUV,156,4148,Toyota,28000,916,739,45.812083925
508,30.0,25.0,Cadre,914,88,5 portes,117,2893,Peugeot,15660,282,794,11.3132470913
509,19.0,12.0,Sans emploi,564,82,3 portes,104,6182,Citroen,42660,946,712,-11.6571612176
510,45.0,50.0,Cadre,454,101,5 portes,147,3040,Peugeot,24350,878,662,15.3140586227
511,45.0,18.0,Ouvrier,711,117,5 portes,156,1113,Citroen,14020,575,877,17.7689451744
512,47.0,23.0,Sans emploi,668,118,3 portes,170,2647,Peugeot,23020,719,791,-0.51804023524
513,30.0,12.0,Cadre,232,77,5 portes,115,-320,Renault,4200,102,878,12.968333666
514,34.0,25.0,Etudiant,415,106,5 portes,131,4071,Opel,22900,97,835,16.1738531249
515,20.0,46.0,Ouvrier,667,90,SUV,116,1638,Peugeot,12340,663,803,30.2227796866
516,50.0,28.0,Cadre,251,104,5 portes,158,4330,Renault,33970,164,642,13.4991330845
517,22.0,3.0,Cadre,250,66,3 portes,85,3295,Toyota,27610,38,857,-2.40643170179
518,30.0,19.0,Cadre,501,113,5 portes,133,2716,Peugeot,22750,187,961,11.3746195247
519,35.0,9.0,Cadre,296,94,SUV,132,4320,,31420,665,773,19.6441783385
520,23.0,4.0,Cadre,531,103,5 portes,132,4444,,35600,898,911,7.02892009255
521,28.0,17.0,Cadre,739,97,3 portes,130,4046,Volkswagen,22460,214,835,-14.7433425472
522,38.0,19.0,Ouvrier,577,84,3 portes,127,6604,Toyota,48850,332,707,-11.852705737
523,48.0,29.0,Ouvrier,214,107,SUV,160,1242,Renault,11440,592,809,25.4980125947
524,29.0,6.0,Ouvrier,942,92,SUV,121,4103,Peugeot,27650,186,922,38.8779455473
525,21.0,33.0,Ouvrier,400,89,5 portes,115,2651,Renault,13480,767,693,8.66277389888
526,33.0,11.0,Ouvrier,205,109,3 portes,149,12784,Peugeot,84860,206,772,-6.39949111999
527,36.0,15.0,Cadre,554,98,5 portes,135,2267,Peugeot,17580,981,860,12.3520736722
528,24.0,8.0,Etudiant,880,89,5 portes,107,17287,Peugeot,120120,20,823,-7.43967566372
529,24.0,9.0,Cadre,946,114,5 portes,148,1538,Renault,10250,27,805,12.0401898677
530,18.0,12.0,Etudiant,306,91,SUV,109,6322,Peugeot,42400,2,814,16.4874760297
531,18.0,22.0,Ouvrier,255,99,SUV,110,1693,Volkswagen,10960,943,692,17.0419298008
532,28.0,0.0,Etudiant,867,111,5 portes,144,2482,Citroen,20680,373,905,14.3670952584
533,40.0,17.0,Cadre,875,114,5 portes,161,3179,Toyota,26670,797,850,13.2772425794
534,23.0,28.0,Cadre,931,118,5 portes,143,653,Renault,3960,233,741,13.893703011
535,30.0,9.0,Etudiant,832,124,SUV,156,4635,,36590,95,581,39.7389785285
536,30.0,15.0,Sans emploi,869,100,5 portes,136,4588,Volkswagen,27350,863,654,13.937956895
537,27.0,7.0,Travailleur non salarie,854,88,5 portes,110,4814,Peugeot,33560,297,770,6.75402030579
538,28.0,36.0,Ouvrier,231,124,SUV,152,3208,Renault,26050,480,843,17.9565903319
539,37.0,21.0,Travailleur non salarie,340,120,Utilitaire,154,2786,Citroen,20630,893,786,36.8783686826
540,,12.0,Ouvrier,234,95,5 portes,141,4799,Citroen,35370,362,1025,10.4894274381
541,18.0,17.0,Cadre,200,110,SUV,127,1971,Renault,14260,169,930,16.2657232572
542,31.0,14.0,Etudiant,981,94,SUV,137,3194,Citroen,19050,942,757,47.5226324541
543,30.0,6.0,Ouvrier,999,76,3 portes,108,4059,Peugeot,33470,584,644,-24.5360397342
544,20.0,12.0,Ouvrier,644,115,5 portes,130,2423,Renault,23500,358,879,7.36583675424
545,24.0,26.0,Ouvrier,318,105,SUV,122,6824,Renault,46590,749,760,14.1963494183
546,39.0,14.0,Etudiant,308,101,3 portes,149,7241,Peugeot,51310,515,930,1.78539484236
547,55.0,36.0,Cadre,929,125,5 portes,189,4738,Peugeot,32600,366,852,17.2622013031
548,20.0,5.0,Travailleur non salarie,934,121,Utilitaire,143,6356,Peugeot,42940,493,753,65.0058897877
549,48.0,24.0,Cadre,667,90,5 portes,137,3323,Renault,23900,948,604,15.1216737354
550,56.0,50.0,Travailleur non salarie,777,83,3 portes,143,3655,Citroen,22790,123,798,-8.45593087559
551,30.0,7.0,Cadre,679,71,5 portes,99,2267,Peugeot,19000,46,756,9.87094849478
552,18.0,6.0,Travailleur non salarie,770,100,3 portes,100,2925,Toyota,20250,709,771,-17.7714596525
553,22.0,17.0,Etudiant,982,94,5 portes,109,3271,Peugeot,25810,165,614,11.3445354507
554,30.0,12.0,Ouvrier,547,105,Utilitaire,134,3392,,27700,476,821,45.2584928259
555,27.0,23.0,Cadre,261,100,SUV,129,7922,Renault,53300,128,835,12.0121847037
556,33.0,14.0,Etudiant,262,90,3 portes,125,1670,Renault,9700,849,747,8.63411578741
557,66.0,19.0,Cadre,723,93,5 portes,163,3776,Peugeot,33230,712,887,18.2755948209
558,37.0,16.0,Ouvrier,247,76,3 portes,107,3441,Citroen,28020,903,663,1.84211183582
559,28.0,21.0,Ouvrier,286,118,3 portes,142,4037,Citroen,27240,126,682,0.809645076593
560,49.0,15.0,Etudiant,906,92,SUV,139,4822,Citroen,30010,68,769,47.2126977251
561,26.0,14.0,Ouvrier,950,109,SUV,138,2244,Toyota,18040,367,734,40.7149211133
562,80.0,3.0,Travailleur non salarie,290,90,SUV,161,4560,Renault,32570,64,1145,31.4334765213
563,27.0,7.0,Cadre,376,101,3 portes,123,2680,,23710,970,797,-2.78956553044
564,18.0,11.0,Etudiant,992,109,5 portes,131,5615,Opel,30520,285,898,10.2664257796
565,40.0,7.0,Ouvrier,935,95,SUV,133,4674,Peugeot,31060,570,651,41.3157715167
566,19.0,37.0,Etudiant,702,87,3 portes,107,2745,Citroen,16090,150,521,-10.5112264292
567,19.0,22.0,Cadre,579,134,5 portes,144,5217,Citroen,34220,863,784,7.77800073777
568,57.0,1.0,Sans emploi,831,97,SUV,156,6828,Peugeot,44530,666,719,45.3334730684
569,24.0,15.0,Cadre,590,108,5 portes,139,4645,Peugeot,30390,703,720,7.87110704214
570,18.0,4.0,Ouvrier,980,98,SUV,120,3543,Volkswagen,25980,107,673,37.2762598748
571,26.0,17.0,Etudiant,814,88,3 portes,117,6147,Renault,40430,667,923,-16.5492650389
572,44.0,41.0,Cadre,709,119,5 portes,164,7312,Volkswagen,50910,714,839,9.20388566123
573,58.0,23.0,Ouvrier,289,105,SUV,165,3418,Opel,19390,782,721,28.9288510639
574,37.0,2.0,Cadre,776,105,SUV,145,3220,Citroen,25120,641,743,36.5112733285
575,34.0,35.0,Ouvrier,293,65,SUV,110,3622,Peugeot,27250,567,971,18.528621106
576,29.0,22.0,Etudiant,317,104,3 portes,141,6144,Peugeot,40700,968,969,0.52128466355
577,31.0,4.0,Sans emploi,889,112,Utilitaire,143,3269,Citroen,18410,99,589,73.3994455796
578,26.0,19.0,Ouvrier,658,104,3 portes,131,3052,Volkswagen,20860,603,815,-11.7967582323
579,35.0,5.0,Etudiant,650,97,SUV,132,8288,Peugeot,60510,148,725,29.5319021706
580,30.0,29.0,Cadre,758,117,5 portes,142,2157,Citroen,15520,158,795,12.608081079
581,24.0,19.0,Cadre,876,103,5 portes,129,1466,Renault,12010,647,867,11.4001550309
582,56.0,23.0,Cadre,957,108,SUV,162,5492,Peugeot,31810,762,687,46.2829207966
583,74.0,47.0,Ouvrier,251,115,SUV,194,3306,Peugeot,20000,698,825,32.4913594835
584,49.0,38.0,Cadre,232,115,SUV,163,4025,Opel,23750,426,695,24.2684161367
585,48.0,15.0,Cadre,262,80,3 portes,129,7696,Opel,52820,900,897,-0.980214906591
586,198.0,35.0,Cadre,982,105,SUV,148,1233,,10580,502,896,46.7996834174
587,34.0,12.0,Etudiant,627,88,SUV,118,4985,Renault,30790,833,667,33.6379323944
588,58.0,5.0,Ouvrier,500,69,Utilitaire,130,5448,Peugeot,32350,999,838,46.960108242
589,28.0,19.0,Etudiant,687,104,3 portes,126,8989,Peugeot,60890,625,851,-15.6766887786
590,30.0,18.0,Etudiant,297,73,5 portes,104,5005,Renault,35120,683,794,11.1314130123
591,32.0,21.0,Cadre,511,93,5 portes,120,2780,Citroen,15680,830,839,12.0254494404
592,53.0,,Cadre,436,62,SUV,108,2673,Renault,20010,222,871,28.9264160649
593,35.0,11.0,Cadre,739,84,SUV,119,2973,Citroen,18140,112,747,35.8358946368
594,30.0,27.0,Ouvrier,325,92,5 portes,117,828,Citroen,8290,28,708,13.2199773426
595,28.0,41.0,Cadre,978,99,3 portes,118,3744,Renault,29610,141,735,-23.293864792
596,49.0,32.0,Etudiant,232,91,3 portes,133,4516,Renault,29630,230,713,10.8227007154
597,36.0,6.0,Ouvrier,282,86,SUV,116,5693,Peugeot,38670,81,695,16.2542730152
598,31.0,10.0,Etudiant,332,86,Utilitaire,117,6110,Citroen,36110,499,732,33.3602502781
599,65.0,17.0,Cadre,991,122,SUV,178,1074,Citroen,8500,631,823,57.0328353866
600,37.0,2.0,Cadre,406,92,SUV,122,2183,Opel,15200,844,629,26.2605579386
601,176.0,14.0,Cadre,749,98,5 portes,128,2365,Renault,20550,218,800,10.525088536
602,18.0,21.0,Cadre,742,128,3 portes,152,2469,Citroen,23830,42,788,-15.5193264727
603,29.0,28.0,Cadre,502,73,3 portes,97,2052,Renault,20600,969,632,-7.43173021328
604,25.0,4.0,Travailleur non salarie,438,68,SUV,93,4947,Peugeot,33010,936,911,19.6602829529
605,48.0,29.0,Ouvrier,796,84,3 portes,137,10913,Peugeot,80510,105,915,-23.3285980444
606,38.0,28.0,Sans emploi,265,94,SUV,133,4039,,24330,245,867,24.1119368079
607,30.0,13.0,Ouvrier,217,82,5 portes,119,9358,Peugeot,60530,726,848,2.27802441613
608,18.0,19.0,Cadre,524,99,SUV,120,3233,,23630,356,844,23.0408493557
609,36.0,21.0,Sans emploi,458,98,5 portes,129,5129,Peugeot,30100,372,650,14.5800128027
610,25.0,9.0,Etudiant,256,76,5 portes,108,7873,Peugeot,54320,255,889,6.0198779833
611,49.0,0.0,Cadre,269,102,SUV,153,1351,Volkswagen,5520,340,928,27.6602472974
612,43.0,31.0,Ouvrier,600,78,3 portes,135,2288,Toyota,16810,201,726,-5.72083670322
613,36.0,21.0,Cadre,964,110,SUV,148,2045,Peugeot,10960,652,794,46.6805491527
614,29.0,24.0,Ouvrier,759,103,3 portes,140,5581,Renault,42370,333,591,-18.1968009457
615,31.0,12.0,Ouvrier,343,132,5 portes,167,3652,Toyota,23390,601,808,13.1614162735
616,29.0,35.0,Cadre,486,112,3 portes,141,2336,Renault,17960,717,863,-4.68755237581
617,18.0,10.0,Etudiant,744,96,5 portes,112,4020,Renault,28600,475,997,10.4189711759
618,30.0,20.0,Ouvrier,261,105,SUV,137,5115,Peugeot,33600,251,883,16.8472664904
619,36.0,4.0,Ouvrier,357,102,SUV,141,3583,Renault,24480,620,775,23.0856805985
620,28.0,18.0,Etudiant,255,88,3 portes,114,1778,Citroen,12710,52,662,6.62717724371
621,145.0,17.0,Cadre,576,78,5 portes,107,5631,Peugeot,36870,665,844,5.86545261851
622,44.0,21.0,Cadre,636,116,5 portes,160,9668,Renault,64870,655,902,7.27646699395
623,39.0,31.0,Ouvrier,890,122,5 portes,159,2298,Peugeot,20940,213,558,14.710822853
624,,28.0,Etudiant,225,92,SUV,130,4068,Citroen,26520,603,826,21.0441482873
625,21.0,9.0,Ouvrier,310,96,3 portes,123,2382,Citroen,14330,39,749,-0.824118807393
626,39.0,6.0,Ouvrier,421,92,SUV,122,3835,Peugeot,29480,642,733,24.6228984572
627,24.0,13.0,Etudiant,531,115,SUV,142,8847,Renault,60580,827,716,23.8252606038
628,31.0,23.0,Cadre,443,118,5 portes,149,5330,Peugeot,41950,262,619,7.0449763005
629,41.0,68.0,Ouvrier,992,86,3 portes,132,1758,Opel,7270,456,1022,-16.348777872
630,60.0,38.0,Etudiant,483,94,SUV,152,1706,Renault,12780,41,670,40.4366255506
631,28.0,37.0,Etudiant,926,91,SUV,116,3053,Renault,21650,145,1017,43.7791416561
632,33.0,12.0,Cadre,994,103,3 portes,134,2652,Renault,14380,986,898,-18.7848471793
633,24.0,26.0,Cadre,433,111,3 portes,128,10484,Toyota,73890,670,800,-14.2293166358
634,25.0,3.0,Etudiant,323,115,3 portes,139,2736,Citroen,17060,421,737,5.49710711611
635,26.0,8.0,Ouvrier,882,95,5 portes,128,3642,Volkswagen,29160,329,797,7.37277735866
636,32.0,10.0,Cadre,211,85,5 portes,122,4445,Citroen,33110,399,921,7.55026779656
637,23.0,32.0,Ouvrier,300,108,SUV,137,626,Renault,9260,995,892,20.4569890461
638,23.0,16.0,Sans emploi,356,108,3 portes,130,4464,Volkswagen,31980,307,806,-0.502824016811
639,32.0,3.0,Ouvrier,218,94,SUV,122,5925,Volkswagen,37870,940,707,14.6968468479
640,63.0,2.0,Ouvrier,708,102,5 portes,156,2826,Citroen,19000,500,713,20.2386206461
641,25.0,15.0,Cadre,213,105,5 portes,130,3166,Renault,19070,395,747,9.79530693055
642,28.0,34.0,Cadre,418,113,3 portes,151,632,Renault,8020,72,742,-0.244485324851
643,23.0,3.0,Cadre,645,101,5 portes,131,5592,Renault,42240,311,992,4.47532499223
644,23.0,64.0,Cadre,737,107,3 portes,134,2241,Peugeot,17320,714,921,-14.1344422076
645,21.0,15.0,Etudiant,297,102,5 portes,130,4590,Peugeot,30130,103,908,10.2147645631
646,30.0,17.0,Ouvrier,631,85,Utilitaire,118,5515,Volkswagen,37360,914,864,47.3693082096
647,33.0,4.0,Cadre,767,110,3 portes,144,5123,Toyota,35920,318,819,-15.7879647439
648,36.0,18.0,Sans emploi,236,101,5 portes,141,3319,Peugeot,21060,167,651,17.1941618869
649,37.0,22.0,Etudiant,570,115,SUV,145,4587,Peugeot,32640,305,866,33.3799888084
650,23.0,21.0,Cadre,496,82,3 portes,98,2123,Toyota,14940,915,944,-6.85613618881
651,32.0,72.0,Etudiant,257,89,SUV,115,8639,Toyota,55910,616,736,15.8522470117
652,25.0,27.0,Etudiant,664,104,5 portes,120,675,Renault,6780,904,728,16.8081217144
653,26.0,27.0,Cadre,261,74,5 portes,101,2429,Opel,16370,889,868,8.61032718852
654,20.0,10.0,Etudiant,747,97,5 portes,118,7323,Peugeot,45620,829,879,7.43848667586
655,27.0,19.0,Travailleur non salarie,602,93,5 portes,121,3343,Renault,23050,550,696,8.6286797532
656,41.0,26.0,Ouvrier,891,93,5 portes,132,4813,Opel,31220,102,869,10.6187662049
657,34.0,5.0,Cadre,582,96,3 portes,129,6363,Renault,46670,140,856,-11.8663458098
658,31.0,43.0,Sans emploi,882,66,5 portes,91,2813,Opel,12850,296,905,15.1211416701
659,71.0,46.0,Cadre,486,100,Utilitaire,180,2850,Peugeot,27830,589,738,51.9353748816
660,27.0,2.0,Etudiant,582,101,5 portes,133,4077,Citroen,32510,570,752,12.5037606476
661,39.0,11.0,Etudiant,681,115,SUV,157,1257,Citroen,12490,850,719,42.2262990259
662,64.0,30.0,Travailleur non salarie,752,121,5 portes,192,8857,Peugeot,56330,284,787,14.5608670932
663,28.0,10.0,Cadre,444,105,Utilitaire,131,3524,Peugeot,23440,12,802,38.1712477806
664,26.0,16.0,Etudiant,239,113,3 portes,142,5021,Renault,36070,504,831,3.69894082391
665,35.0,57.0,Etudiant,759,64,5 portes,100,4663,Renault,37130,203,790,11.2356102111
666,26.0,15.0,Cadre,807,108,SUV,134,1264,Renault,7580,685,755,38.0951511996
667,44.0,4.0,Etudiant,903,116,SUV,161,2371,Citroen,16200,8,791,50.1446587275
668,34.0,7.0,Ouvrier,686,113,5 portes,149,1963,Opel,16170,311,705,13.6268088758
669,36.0,3.0,Ouvrier,838,103,SUV,132,2355,Toyota,21710,700,832,39.1830898213
670,35.0,55.0,Cadre,345,94,5 portes,137,1657,Peugeot,15460,718,668,12.2000112381
671,31.0,21.0,Ouvrier,474,94,3 portes,119,3293,Renault,22310,749,790,-4.84401961673
672,45.0,33.0,Cadre,519,100,3 portes,146,3645,Opel,24430,395,914,-2.71540432393
673,48.0,1.0,Sans emploi,468,106,3 portes,152,3299,Renault,22840,52,764,4.33932177515
674,49.0,22.0,Etudiant,461,108,Utilitaire,154,7719,Toyota,54570,855,794,44.0108819443
675,52.0,38.0,Cadre,714,98,3 portes,146,3584,Peugeot,31280,568,773,-8.43459759061
676,32.0,2.0,Ouvrier,867,81,3 portes,110,4484,Citroen,31220,176,639,-19.7174877247
677,39.0,19.0,Etudiant,620,127,5 portes,164,905,Peugeot,9950,645,874,21.9580675263
678,19.0,57.0,Etudiant,783,87,5 portes,110,3653,Toyota,25430,575,712,10.1862297508
679,35.0,24.0,Etudiant,673,59,5 portes,98,4659,Renault,30990,476,842,12.1620379796
680,25.0,6.0,Etudiant,764,121,Utilitaire,144,3283,Renault,25350,681,1067,62.8731090862
681,63.0,33.0,Cadre,679,115,SUV,192,3205,Peugeot,26020,752,817,41.3551829735
682,42.0,29.0,Sans emploi,310,102,5 portes,143,3062,Peugeot,17960,152,995,18.4785747899
683,21.0,21.0,Cadre,888,114,3 portes,137,5051,Citroen,34130,65,980,-21.3290272747
684,60.0,22.0,Cadre,334,106,SUV,166,5261,Renault,39060,9,617,27.2919598365
685,23.0,34.0,Cadre,420,87,SUV,113,10766,Renault,85870,102,625,8.32238149347
686,39.0,31.0,Ouvrier,627,101,5 portes,134,2548,,18010,557,662,14.1061496482
687,55.0,4.0,Sans emploi,742,81,Utilitaire,133,4488,Renault,29220,817,781,67.0534388023
688,26.0,24.0,Etudiant,942,90,SUV,109,11570,Citroen,77070,224,688,32.5729304988
689,55.0,19.0,Ouvrier,317,86,5 portes,141,2395,Peugeot,19140,665,617,16.3366778141
690,59.0,20.0,Cadre,238,102,SUV,160,3614,Renault,27550,764,778,25.3856437819
691,32.0,4.0,Etudiant,690,115,SUV,151,7609,Toyota,54820,572,757,32.5168044595
692,31.0,22.0,Cadre,658,90,5 portes,120,4194,Renault,26430,561,908,8.87636223222
693,36.0,13.0,Cadre,783,106,Utilitaire,146,6056,Renault,46510,362,756,57.7656289713
694,29.0,21.0,Etudiant,346,68,5 portes,96,7359,Peugeot,51910,248,1001,6.78192178954
695,33.0,27.0,Cadre,826,83,SUV,127,1537,Renault,14000,268,728,39.1187459325
696,35.0,18.0,Cadre,251,108,5 portes,142,6829,Renault,46870,814,814,7.35066813835
697,29.0,4.0,Ouvrier,303,114,3 portes,146,8779,Peugeot,66900,886,902,-8.37356895607
698,33.0,3.0,Cadre,342,114,5 portes,141,1558,Volkswagen,9590,889,901,14.552668523
699,58.0,7.0,Etudiant,270,116,SUV,175,2587,Renault,19850,536,763,33.0851903889
700,49.0,20.0,Cadre,234,75,5 portes,135,4722,Opel,33840,446,812,12.7718658911
701,44.0,22.0,Cadre,718,92,5 portes,125,1664,Citroen,9810,48,863,15.43190928
702,62.0,7.0,Ouvrier,981,61,SUV,128,4946,Citroen,30620,770,786,47.1995139982
703,38.0,34.0,Etudiant,535,97,SUV,136,2054,Renault,20320,415,758,34.893899362
704,18.0,11.0,Sans emploi,321,103,5 portes,119,4710,Peugeot,29460,293,900,9.13511226945
705,33.0,17.0,Cadre,436,94,5 portes,132,2571,Renault,16050,583,920,11.9140174136
706,21.0,2.0,Ouvrier,395,86,SUV,102,9382,Peugeot,66710,429,686,10.3672009255
707,41.0,10.0,Cadre,772,106,5 portes,143,6447,Peugeot,40220,789,860,11.0187756683
708,32.0,17.0,Cadre,697,107,5 portes,138,3622,Citroen,24700,722,869,12.2897160159
709,37.0,2.0,Cadre,689,102,5 portes,145,2451,Renault,12630,623,826,13.7562212306
710,28.0,16.0,Etudiant,987,90,5 portes,113,4912,Peugeot,36460,392,898,10.731844317
711,36.0,16.0,Etudiant,420,100,5 portes,137,2538,Peugeot,20800,29,735,16.6975560985
712,18.0,22.0,Cadre,700,101,SUV,118,5465,Renault,33970,132,890,26.5144880444
713,28.0,15.0,Travailleur non salarie,516,104,5 portes,132,4760,Citroen,25750,99,725,9.78392456587
714,20.0,26.0,Etudiant,789,109,Utilitaire,134,2965,Renault,18540,704,788,63.8110896868
715,23.0,8.0,Sans emploi,489,99,5 portes,115,1754,Renault,9160,850,769,14.7618354879
716,50.0,20.0,Sans emploi,863,78,SUV,125,4371,Renault,32260,842,854,44.2978522306
717,21.0,12.0,Cadre,421,95,3 portes,112,2474,Renault,21960,304,616,-6.54809150849
718,54.0,13.0,Ouvrier,753,105,3 portes,163,4855,Renault,34780,304,702,-9.02863719501
719,34.0,25.0,Cadre,368,93,5 portes,135,11710,Renault,76720,632,833,-0.347358490613
720,40.0,25.0,Etudiant,808,103,5 portes,144,5314,Renault,43710,945,798,14.2735631143
721,43.0,16.0,Ouvrier,614,89,SUV,135,4458,Citroen,32940,566,694,31.7247021876
722,43.0,3.0,Etudiant,389,120,Utilitaire,164,1254,Volkswagen,15480,693,695,47.23902815
723,41.0,21.0,Cadre,793,106,SUV,146,8728,Renault,60720,124,819,31.9146958906
724,21.0,10.0,Cadre,293,102,SUV,121,10814,Volkswagen,72640,746,774,7.60578198115
725,53.0,12.0,Ouvrier,770,111,Utilitaire,158,432,Renault,7380,602,941,70.0506905231
726,26.0,34.0,Ouvrier,812,111,5 portes,148,633,Renault,5870,415,725,12.3084696739
727,36.0,50.0,Etudiant,629,101,SUV,136,3187,Toyota,17670,216,826,37.9542689403
728,28.0,13.0,Cadre,626,115,SUV,142,2254,Citroen,16090,706,802,32.6848652365
729,36.0,2.0,Ouvrier,807,109,SUV,146,4797,Citroen,37920,452,1017,34.5042433937
730,33.0,19.0,Etudiant,652,103,5 portes,134,2796,Peugeot,24180,225,856,15.3553392273
731,46.0,7.0,Cadre,259,100,Utilitaire,143,3134,Renault,28990,886,736,30.7955750703
732,26.0,6.0,Cadre,259,83,5 portes,109,5232,Renault,33920,511,785,5.90476962973
733,42.0,5.0,Etudiant,964,102,5 portes,146,2031,Citroen,16830,360,866,18.7473170106
734,31.0,23.0,Travailleur non salarie,594,102,SUV,131,18452,Volkswagen,125490,948,867,8.5549879416
735,33.0,44.0,Etudiant,731,87,3 portes,126,1800,Volkswagen,9570,143,798,-6.34780494447
736,32.0,11.0,Cadre,491,120,5 portes,144,8295,Citroen,60380,951,833,4.83190019304
737,29.0,33.0,Ouvrier,486,99,5 portes,129,1633,Citroen,13280,609,765,12.610912457
738,87.0,3.0,Cadre,747,83,5 portes,175,6517,Renault,42900,549,788,21.9449862381
739,24.0,4.0,Etudiant,448,93,SUV,118,5016,Renault,34590,934,887,25.1396557781
740,25.0,7.0,Etudiant,281,99,SUV,118,6808,Volkswagen,46720,269,1026,17.1883536253
741,59.0,10.0,Cadre,464,99,3 portes,159,3303,Renault,28890,211,769,1.64977640913
742,35.0,18.0,Etudiant,294,88,SUV,119,2585,,14960,107,736,26.4919225498
743,21.0,7.0,Etudiant,980,100,Utilitaire,123,726,Peugeot,8150,890,758,78.1146779071
744,27.0,15.0,Sans emploi,879,78,5 portes,111,2530,Peugeot,25660,442,739,12.2762794098
745,26.0,18.0,Ouvrier,709,93,3 portes,127,2848,Volkswagen,22100,402,766,-13.6136907057
746,42.0,28.0,Cadre,257,106,SUV,144,2335,Opel,14870,725,688,24.1436776495
747,33.0,3.0,Etudiant,550,89,5 portes,120,9147,Volkswagen,56690,725,790,7.84388732029
748,45.0,13.0,Cadre,915,109,SUV,151,4047,Citroen,29640,147,763,42.9776970389
749,32.0,20.0,Ouvrier,692,112,5 portes,146,4397,Citroen,35440,225,668,9.03855601672
750,35.0,14.0,Etudiant,514,91,SUV,131,9726,Renault,60650,926,697,24.2956700783
751,39.0,31.0,Etudiant,498,64,SUV,95,995,Citroen,6410,149,895,35.6705083452
752,33.0,16.0,Cadre,340,113,5 portes,151,6103,Renault,43640,922,895,8.73638813712
753,58.0,11.0,Ouvrier,202,120,SUV,187,2320,Renault,20010,423,806,26.5739028121
754,21.0,14.0,Etudiant,630,76,SUV,87,1275,Peugeot,12440,473,774,33.403217376
755,39.0,1.0,Ouvrier,733,103,5 portes,144,4406,Peugeot,25670,263,795,11.627845777
756,31.0,18.0,Cadre,365,104,5 portes,132,7980,Opel,56810,381,854,3.85348361448
757,18.0,9.0,Ouvrier,668,75,5 portes,91,3042,Renault,23180,222,742,5.53016391009
758,37.0,47.0,Travailleur non salarie,526,91,SUV,124,490,Citroen,5220,778,827,31.7479999266
759,25.0,11.0,Etudiant,292,118,SUV,147,4063,Renault,22960,661,824,24.2336331056
760,65.0,4.0,Cadre,625,103,3 portes,171,2028,Citroen,16260,822,735,1.92074556281
761,22.0,25.0,Sans emploi,863,100,SUV,122,6549,Peugeot,43650,44,727,36.9121163066
762,56.0,28.0,Etudiant,682,117,3 portes,175,2221,Citroen,14620,616,900,3.07852024861
763,83.0,35.0,Cadre,516,91,5 portes,184,2709,Peugeot,18130,359,648,25.4492859502
764,22.0,22.0,Etudiant,218,73,SUV,90,6245,Citroen,46790,350,970,12.5894107466
765,51.0,28.0,Sans emploi,404,120,SUV,168,3196,Toyota,20070,800,564,36.0409764606
766,42.0,11.0,Cadre,683,88,SUV,119,7350,Toyota,45820,901,536,29.8567839792
767,34.0,27.0,Etudiant,749,100,SUV,130,3082,Citroen,21760,26,790,40.2196164861
768,50.0,10.0,Etudiant,462,117,3 portes,166,1905,Peugeot,16560,651,1029,7.47480639704
769,29.0,14.0,Sans emploi,361,104,5 portes,124,1067,Toyota,11990,388,863,16.5356611586
770,35.0,0.0,Cadre,815,102,SUV,141,2912,Renault,19720,60,785,39.1730419136
771,28.0,2.0,Etudiant,272,91,SUV,118,3632,Citroen,26380,804,820,22.0078451787
772,54.0,37.0,Ouvrier,532,109,5 portes,160,7064,Citroen,49820,409,959,12.7787614686
773,,23.0,Ouvrier,692,133,5 portes,163,2745,Citroen,19180,177,872,15.3250539027
774,,10.0,Sans emploi,605,91,SUV,123,569,Volkswagen,9150,577,776,36.3400069484
775,25.0,15.0,Ouvrier,243,83,3 portes,104,3232,Citroen,19890,264,775,0.757362862141
776,23.0,15.0,Etudiant,366,105,SUV,132,4742,Opel,32380,389,817,22.8176807623
777,18.0,27.0,Etudiant,338,89,5 portes,101,1458,Peugeot,10470,890,696,12.6321481806
778,26.0,21.0,Cadre,609,102,5 portes,128,3550,Citroen,24040,852,817,8.88872987803
779,69.0,36.0,Sans emploi,364,100,Utilitaire,165,5894,Citroen,38020,391,731,45.8125340687
780,45.0,46.0,Etudiant,799,108,5 portes,157,1435,Citroen,9860,542,835,21.6433025274
781,42.0,24.0,Cadre,268,103,5 portes,142,1894,,16240,202,832,14.8054825835
782,21.0,17.0,Ouvrier,515,105,SUV,130,6187,Peugeot,39230,427,583,21.5042355442
783,26.0,3.0,Ouvrier,906,119,5 portes,143,5674,Peugeot,41240,163,915,6.31614917492
784,36.0,23.0,Ouvrier,961,86,5 portes,118,3452,Renault,26710,172,879,11.3877181669
785,35.0,35.0,Cadre,449,101,SUV,137,-558,Citroen,1560,652,1016,30.7827468342
786,30.0,9.0,Ouvrier,364,105,3 portes,137,1525,Peugeot,10650,534,887,1.41630406953
787,28.0,17.0,Cadre,216,82,SUV,111,10304,Renault,75800,734,845,5.56365805131
788,35.0,6.0,Ouvrier,759,86,5 portes,122,13931,Citroen,99340,457,785,-4.31863381803
789,20.0,31.0,Cadre,258,95,5 portes,120,6534,Peugeot,44170,267,688,2.07738242349
790,39.0,3.0,Cadre,997,92,5 portes,129,2508,Toyota,17440,510,742,12.938557224
791,68.0,16.0,Cadre,440,117,3 portes,176,1243,,5150,135,867,11.6890963432
792,36.0,64.0,Cadre,970,102,Utilitaire,137,4882,Peugeot,33110,461,652,71.9769926472
793,24.0,18.0,Cadre,778,144,SUV,171,3655,Renault,27000,567,789,35.7365779482
794,69.0,43.0,Ouvrier,529,95,SUV,157,2245,Citroen,16870,539,799,39.4297834782
795,24.0,10.0,Etudiant,457,96,5 portes,119,5964,Renault,43530,330,670,8.85260213521
796,40.0,6.0,Cadre,736,134,5 portes,178,2073,Citroen,12250,988,802,18.2562161335
797,34.0,50.0,Sans emploi,944,92,5 portes,122,3657,Citroen,25530,765,883,15.1105214608
798,30.0,24.0,Ouvrier,413,133,3 portes,162,4330,Peugeot,31750,660,772,-1.75513687755
799,53.0,7.0,Travailleur non salarie,716,54,3 portes,104,10355,Renault,69530,166,708,-16.9684783969
800,34.0,31.0,Cadre,547,90,5 portes,124,6648,,46200,459,945,6.11511673641
801,22.0,38.0,Cadre,230,121,5 portes,144,5061,Renault,37060,635,551,7.90450803192
802,24.0,24.0,Travailleur non salarie,240,124,3 portes,140,2139,Toyota,20270,681,708,1.47540007287
803,67.0,49.0,Cadre,236,107,SUV,168,11475,Opel,78800,453,792,17.3834569608
804,28.0,10.0,Ouvrier,236,91,3 portes,125,1757,Volkswagen,11470,344,795,3.76875597255
805,23.0,11.0,Sans emploi,445,98,3 portes,129,4357,Renault,30320,528,910,-2.46650392273
806,39.0,31.0,Ouvrier,838,112,Utilitaire,151,1765,Opel,13880,449,801,69.9643593804
807,45.0,18.0,Etudiant,955,105,5 portes,154,3156,Peugeot,25010,625,756,18.5706016705
808,31.0,19.0,Etudiant,528,115,SUV,143,11068,Toyota,78270,365,770,22.6951287361
809,59.0,15.0,Cadre,820,90,3 portes,142,5884,Volkswagen,40380,209,700,-12.6174968183
810,24.0,3.0,Cadre,909,113,SUV,136,6117,Citroen,43270,696,743,33.9385570148
811,36.0,22.0,Etudiant,405,120,SUV,166,2951,Toyota,21170,204,815,31.0186925154
812,28.0,64.0,Etudiant,701,147,SUV,178,4738,Renault,34810,164,969,38.2162034767
813,43.0,22.0,Cadre,963,111,3 portes,150,3716,Peugeot,24830,883,915,-16.3967910089
814,30.0,11.0,Travailleur non salarie,660,111,5 portes,147,5208,Peugeot,35640,536,786,8.21401281219
815,36.0,14.0,Travailleur non salarie,778,88,SUV,129,3146,Renault,24660,790,761,35.9457688435
816,48.0,11.0,Cadre,294,80,5 portes,129,5178,Renault,33590,723,771,13.2432455652
817,19.0,15.0,Etudiant,525,66,5 portes,80,5719,Volkswagen,37270,638,979,7.20257167477
818,66.0,29.0,Sans emploi,485,107,3 portes,168,3569,Peugeot,22140,271,939,10.4469639881
819,49.0,5.0,Etudiant,824,131,5 portes,181,2980,Renault,21320,531,853,21.7820495085
820,35.0,12.0,Etudiant,309,99,SUV,128,7568,Renault,53660,880,880,19.8643396854
821,0.0,27.0,Ouvrier,813,63,5 portes,129,8511,Toyota,63640,683,756,9.37142875783
822,20.0,57.0,Etudiant,638,103,3 portes,116,503,,880,426,814,-3.94843368456
823,29.0,74.0,Etudiant,712,97,3 portes,121,1292,Renault,16520,486,858,-7.97613232635
824,63.0,11.0,Ouvrier,945,95,5 portes,167,6624,Peugeot,47740,852,982,14.1268916561
825,26.0,30.0,Cadre,813,127,3 portes,151,2171,Peugeot,16390,792,738,-14.2809608456
826,43.0,8.0,Ouvrier,629,119,Utilitaire,156,4712,Peugeot,29990,670,698,53.5078539838
827,30.0,23.0,Cadre,418,123,3 portes,152,1263,Renault,8850,927,708,0.557975842812
828,49.0,11.0,Ouvrier,512,89,SUV,141,1203,Volkswagen,11800,641,747,33.6578125574
829,34.0,12.0,Cadre,385,106,Utilitaire,142,343,Renault,7400,937,915,39.3320140204
830,33.0,4.0,Ouvrier,407,84,SUV,115,5984,Renault,44440,839,846,18.8953722591
831,18.0,33.0,Cadre,718,118,5 portes,138,1716,Renault,11640,583,749,10.3785324396
832,27.0,52.0,Travailleur non salarie,504,84,SUV,117,4784,Toyota,33300,146,667,22.953941872
833,37.0,15.0,Cadre,977,120,5 portes,154,3475,Citroen,25020,320,842,12.9964606299
834,24.0,4.0,Ouvrier,380,104,5 portes,119,13054,Peugeot,93780,594,761,-5.68983710843
835,36.0,21.0,Sans emploi,766,104,SUV,137,6357,Peugeot,45240,638,890,36.5603302767
836,28.0,18.0,Sans emploi,416,79,SUV,102,2754,Volkswagen,15790,31,816,27.7346082372
837,26.0,22.0,Etudiant,901,111,5 portes,134,1624,Peugeot,15220,835,876,15.2518373004
838,24.0,11.0,Etudiant,609,73,5 portes,100,5155,,35970,340,853,8.82025583849
839,18.0,2.0,Cadre,910,82,5 portes,84,4589,Toyota,26460,721,722,4.92991546203
840,34.0,6.0,Sans emploi,911,87,3 portes,123,2284,Peugeot,14050,116,893,-12.6723519909
841,34.0,63.0,Ouvrier,995,132,5 portes,174,2113,Citroen,16390,548,876,14.5106569447
842,56.0,24.0,Etudiant,811,102,5 portes,167,3651,Renault,23250,874,848,22.487862189
843,57.0,7.0,Etudiant,702,90,SUV,151,2278,Peugeot,18580,296,913,45.528717827
844,37.0,24.0,Sans emploi,587,108,3 portes,138,3492,Citroen,24420,550,802,-2.06493916761
845,24.0,34.0,Etudiant,900,136,3 portes,160,4558,Volkswagen,26470,444,708,-14.602378903
846,32.0,19.0,Cadre,590,98,5 portes,130,3742,Toyota,19570,310,629,11.0770864883
847,,5.0,Cadre,956,85,5 portes,120,348,,8420,494,841,14.747264396
848,20.0,16.0,Ouvrier,798,84,Utilitaire,94,7448,Renault,49690,853,743,52.6876157617
849,25.0,15.0,Etudiant,650,100,SUV,127,4514,Peugeot,24780,300,621,33.3327150023
850,29.0,14.0,Etudiant,412,126,SUV,159,3851,Toyota,28870,761,904,28.0533203659
851,30.0,30.0,Etudiant,463,98,SUV,124,2263,Peugeot,14940,362,763,30.7748574921
852,58.0,17.0,Cadre,324,97,3 portes,170,8136,Toyota,51680,795,975,1.65244053827
853,37.0,42.0,Ouvrier,814,86,5 portes,115,1758,Peugeot,14030,7,756,12.9163870533
854,38.0,23.0,Etudiant,734,83,Utilitaire,125,1834,Renault,11260,292,834,66.2710936146
855,28.0,42.0,Etudiant,794,116,5 portes,138,5493,Renault,38660,221,839,11.8178242781
856,46.0,6.0,Etudiant,573,106,3 portes,150,2220,Renault,22280,85,847,2.03390313732
857,35.0,14.0,Cadre,964,107,SUV,142,3098,Renault,20480,329,731,43.5251564573
858,,14.0,Travailleur non salarie,328,80,5 portes,107,3992,Volkswagen,28590,202,766,9.38262031746
859,18.0,58.0,Travailleur non salarie,453,109,5 portes,127,1456,Volkswagen,6950,298,883,10.2874957408
860,18.0,15.0,Cadre,564,105,5 portes,113,6779,Citroen,40130,990,803,3.28720151519
861,34.0,55.0,Cadre,233,123,3 portes,159,1221,Toyota,6160,556,857,9.63673299178
862,21.0,15.0,Etudiant,776,116,5 portes,138,6552,Peugeot,47150,753,621,7.82620427662
863,28.0,7.0,Travailleur non salarie,425,97,3 portes,131,1912,Citroen,11810,586,689,-1.7092361039
864,41.0,7.0,Etudiant,385,105,5 portes,143,4560,Renault,31220,365,807,15.6579501834
865,20.0,3.0,Sans emploi,697,105,Utilitaire,126,6277,Opel,40360,300,899,53.1341363721
866,33.0,5.0,Cadre,882,99,5 portes,125,5342,Peugeot,42430,138,990,7.72556505727
867,35.0,4.0,Etudiant,224,87,3 portes,121,2491,Peugeot,21520,284,679,7.97429143875
868,45.0,23.0,Ouvrier,617,114,SUV,157,273,,9070,962,710,37.7467642972
869,18.0,5.0,Ouvrier,554,134,SUV,151,4107,Peugeot,26630,612,777,26.251277897
870,26.0,12.0,Cadre,987,99,SUV,122,6364,,44620,178,833,37.7112181868
871,29.0,34.0,Etudiant,487,125,SUV,146,1049,Renault,9590,248,813,34.8877930397
872,49.0,9.0,Etudiant,280,95,Utilitaire,145,3093,Volkswagen,24190,825,838,38.5914858188
873,39.0,27.0,Etudiant,979,95,3 portes,132,2619,Renault,20340,656,931,-14.1999774844
874,20.0,6.0,Cadre,568,100,5 portes,113,230,Peugeot,4860,43,773,11.1148784977
875,45.0,2.0,Cadre,586,96,5 portes,142,1322,,10380,590,820,16.3806157477
876,19.0,20.0,Ouvrier,621,115,3 portes,141,3001,Volkswagen,22740,469,756,-12.0547611742
877,22.0,12.0,Cadre,402,118,5 portes,137,3787,Toyota,21650,635,651,9.40816984834
878,24.0,4.0,Cadre,719,62,Utilitaire,79,5965,Volkswagen,40630,314,752,49.3543576264
879,36.0,39.0,Cadre,774,113,5 portes,152,766,Citroen,8230,445,840,15.4329025794
880,47.0,25.0,Travailleur non salarie,685,106,SUV,152,10735,,77190,637,837,26.7269943655
881,24.0,9.0,Travailleur non salarie,670,127,5 portes,153,2490,,13240,405,892,12.1509200451
882,43.0,6.0,Etudiant,537,87,SUV,129,4826,Peugeot,32200,257,809,33.5079342668
883,26.0,14.0,Cadre,721,102,3 portes,134,6247,Toyota,42700,316,872,-19.0927979545
884,27.0,1.0,Etudiant,256,119,3 portes,152,10407,Renault,70330,378,727,-2.6382271146
885,22.0,5.0,Sans emploi,492,114,Utilitaire,127,3141,Volkswagen,16440,603,691,45.8405773973
886,42.0,15.0,Etudiant,216,123,5 portes,160,-111,Renault,3480,132,835,23.9699682947
887,22.0,26.0,Sans emploi,659,89,3 portes,110,2002,Volkswagen,16630,209,745,-7.68573766541
888,18.0,39.0,Sans emploi,954,90,5 portes,115,2282,Citroen,22070,801,941,10.3089707004
889,35.0,7.0,Ouvrier,945,109,3 portes,144,6050,Renault,40620,422,818,-22.13940266
890,29.0,33.0,Sans emploi,770,80,5 portes,115,2070,Renault,15820,742,939,14.8084986767
891,23.0,23.0,Etudiant,624,107,3 portes,132,5562,Toyota,41290,47,821,-10.3660768644
892,22.0,2.0,Cadre,823,114,5 portes,138,5266,Toyota,39530,566,819,5.8463802055
893,31.0,24.0,Ouvrier,386,105,SUV,127,2965,Renault,18340,560,867,23.8940242493
894,20.0,26.0,Travailleur non salarie,431,80,SUV,101,2781,Peugeot,19970,905,621,21.2477182756
895,39.0,27.0,Ouvrier,473,92,3 portes,129,2239,Renault,17530,712,711,-2.27810665904
896,28.0,56.0,Cadre,558,95,5 portes,120,5394,Citroen,33370,278,579,6.97583642583
897,25.0,13.0,Sans emploi,906,107,3 portes,128,636,Citroen,8120,731,858,-12.0876892122
898,26.0,7.0,Sans emploi,838,104,3 portes,123,3313,Citroen,27620,968,727,-14.2300860762
899,28.0,15.0,Sans emploi,611,94,5 portes,121,3894,Volkswagen,18180,138,865,14.1740784695
900,25.0,28.0,Ouvrier,614,75,SUV,106,3103,Peugeot,23010,348,859,26.8164737355
901,23.0,7.0,Sans emploi,341,73,5 portes,95,386,Volkswagen,4610,615,838,15.4502253895
902,22.0,8.0,Cadre,495,85,3 portes,103,782,Peugeot,8020,611,784,-6.15225372954
903,42.0,30.0,Etudiant,748,84,5 portes,124,3591,Toyota,25620,748,669,16.073091353
904,38.0,22.0,Travailleur non salarie,906,90,5 portes,122,8437,Renault,56320,620,906,5.89542859134
905,22.0,12.0,Travailleur non salarie,685,84,SUV,104,4983,,32250,210,789,27.2054806867
906,22.0,24.0,Ouvrier,769,97,5 portes,121,1534,Volkswagen,8840,304,894,10.6871590181
907,20.0,17.0,Etudiant,833,91,5 portes,113,1622,Peugeot,12330,681,774,13.7040458822
908,43.0,9.0,Etudiant,732,103,3 portes,148,4662,Volkswagen,37850,441,669,-9.14074033736
909,24.0,10.0,Etudiant,866,100,5 portes,124,4268,Renault,28890,519,931,11.675689667
910,40.0,17.0,Cadre,745,109,3 portes,150,6963,Citroen,43430,526,682,-15.1201004544
911,,28.0,Sans emploi,896,85,5 portes,101,3801,Renault,22870,162,907,10.1692600762
912,29.0,8.0,Etudiant,900,86,5 portes,122,5431,,38610,208,606,10.0863936929
913,28.0,7.0,Etudiant,934,83,3 portes,106,4991,Toyota,32130,38,866,-18.2245040268
914,18.0,6.0,Cadre,800,101,3 portes,118,3542,,26150,279,593,-20.1261828267
915,42.0,26.0,Cadre,208,111,Utilitaire,155,5132,Peugeot,36120,50,775,26.0408288326
916,58.0,11.0,Cadre,642,117,Utilitaire,162,2859,Peugeot,24340,417,674,59.7532756491
917,58.0,44.0,Ouvrier,275,102,3 portes,165,5150,Peugeot,37160,290,780,6.56496691174
918,38.0,41.0,Cadre,888,97,SUV,133,1140,Citroen,7490,868,774,44.71458953
919,26.0,15.0,Cadre,573,111,Utilitaire,133,2324,Renault,16860,968,746,48.470787194
920,19.0,61.0,Ouvrier,210,99,5 portes,118,10892,Citroen,73550,403,850,-2.54446591468
921,75.0,21.0,Cadre,483,85,SUV,161,8880,Peugeot,55570,305,673,30.9922255627
922,31.0,10.0,Sans emploi,849,111,5 portes,143,3586,Volkswagen,20480,625,563,15.253265943
923,24.0,30.0,Etudiant,845,93,5 portes,124,2044,Toyota,15380,895,839,14.0663231776
924,28.0,19.0,Ouvrier,940,77,3 portes,103,6964,Citroen,51310,1,795,-27.7299672216
925,18.0,12.0,Ouvrier,700,97,5 portes,112,2269,Renault,18170,179,708,6.69247471086
926,32.0,22.0,Ouvrier,774,87,Utilitaire,109,776,Citroen,8860,677,847,63.2673102027
927,61.0,11.0,Cadre,279,99,3 portes,162,2725,Peugeot,18960,57,849,10.0157210218
928,27.0,1.0,Ouvrier,443,89,SUV,123,3643,Peugeot,24030,313,924,22.6294993518
929,55.0,2.0,Etudiant,288,95,SUV,153,4087,Peugeot,27970,2,824,29.2459983283
930,23.0,11.0,Cadre,678,90,3 portes,106,4453,Citroen,30500,675,774,-14.6400223246
931,70.0,19.0,Etudiant,561,98,SUV,163,5099,Peugeot,35140,327,860,41.4768132039
932,24.0,1.0,Ouvrier,355,108,3 portes,126,2956,Opel,21160,852,726,-0.516521122099
933,20.0,28.0,Etudiant,761,103,5 portes,128,3163,Volkswagen,24740,186,680,11.5646148053
934,56.0,37.0,Etudiant,864,99,SUV,162,5939,Citroen,35540,713,771,47.6163385911
935,21.0,15.0,Cadre,333,115,SUV,134,4500,Citroen,27840,536,815,18.3478482394
936,33.0,2.0,Cadre,888,79,Utilitaire,109,1901,Citroen,16490,129,624,68.3621861242
937,38.0,14.0,Etudiant,435,102,5 portes,138,3341,Peugeot,26560,949,864,15.4187431191
938,22.0,28.0,Travailleur non salarie,854,117,5 portes,132,7056,Opel,51450,587,749,3.48315805403
939,66.0,47.0,Cadre,700,108,5 portes,176,3872,Renault,26990,507,770,19.8069513471
940,30.0,17.0,Ouvrier,613,116,5 portes,145,4315,Citroen,25800,758,902,10.9120954046
941,18.0,10.0,Etudiant,552,86,SUV,113,7515,,49060,9,816,23.0011720136
942,32.0,28.0,Ouvrier,897,117,Utilitaire,146,5509,Renault,34830,385,851,67.8616754553
943,27.0,9.0,Cadre,672,89,5 portes,117,6419,Peugeot,41130,277,833,5.18103054014
944,33.0,32.0,Cadre,835,116,SUV,155,6878,Citroen,44280,976,853,35.0792261924
945,27.0,29.0,Cadre,970,103,SUV,131,1702,Citroen,9340,910,921,44.262740726
946,28.0,18.0,Ouvrier,339,112,3 portes,135,4294,Renault,28470,270,679,-1.76103015823
947,58.0,35.0,Ouvrier,401,88,SUV,152,2050,Citroen,14770,958,899,32.4144792746
948,52.0,16.0,Ouvrier,709,96,SUV,153,62,Peugeot,6540,13,729,42.4763319636
949,32.0,17.0,Cadre,345,72,SUV,106,4422,Citroen,31410,65,788,18.9799013598
950,56.0,12.0,Etudiant,318,105,SUV,157,9940,Volkswagen,63280,64,741,24.697520234
951,28.0,22.0,Cadre,956,111,5 portes,137,7224,Opel,52460,993,882,4.25500108251
952,25.0,7.0,Ouvrier,912,105,5 portes,124,2018,Volkswagen,16320,250,544,10.9521322832
953,33.0,9.0,Cadre,904,117,SUV,145,6484,Opel,41830,385,827,36.5065703759
954,36.0,6.0,Ouvrier,403,109,5 portes,147,2487,Peugeot,17130,675,766,14.0607268924
955,59.0,3.0,Ouvrier,620,102,SUV,163,2792,Toyota,21230,467,818,40.1019277614
956,27.0,2.0,Etudiant,590,108,5 portes,141,2818,Citroen,14280,223,803,16.1090535637
957,25.0,21.0,Cadre,229,92,SUV,123,5207,Toyota,34270,193,582,13.9708687127
958,34.0,22.0,Cadre,227,114,SUV,148,6203,Peugeot,40770,205,894,15.7972373513
959,47.0,18.0,Etudiant,325,104,5 portes,142,5624,Citroen,41350,511,630,15.802264393
960,23.0,29.0,Ouvrier,520,105,SUV,132,4629,Peugeot,30670,681,635,23.4487086124
961,20.0,37.0,Cadre,336,98,SUV,121,2892,Peugeot,18930,428,889,18.7888310423
962,26.0,4.0,Etudiant,235,92,5 portes,116,6779,Peugeot,44740,272,1014,8.20714228994
963,23.0,12.0,Sans emploi,538,86,3 portes,110,3233,Peugeot,18610,788,622,-3.80641863953
964,32.0,9.0,Ouvrier,815,96,5 portes,132,4788,Peugeot,29580,239,788,8.94620594134
965,20.0,25.0,Sans emploi,225,111,Utilitaire,135,890,Volkswagen,5640,696,654,30.0827704508
966,29.0,26.0,Travailleur non salarie,688,74,5 portes,102,6073,Citroen,40100,974,868,5.40459980887
967,40.0,9.0,Cadre,476,102,3 portes,146,850,Toyota,9960,213,838,0.0163664936315
968,20.0,52.0,Cadre,977,154,3 portes,163,4847,Peugeot,31680,794,864,-21.5892757065
969,24.0,4.0,Sans emploi,792,104,SUV,122,5800,Renault,38210,1,816,35.3223454072
970,25.0,14.0,Etudiant,909,99,3 portes,127,2765,Volkswagen,20720,914,805,-14.6027899243
971,28.0,17.0,Cadre,823,107,5 portes,134,3981,Citroen,30580,853,797,9.39038150624
972,34.0,6.0,Etudiant,712,99,5 portes,138,2253,Peugeot,15980,379,782,17.6359458547
973,35.0,9.0,Etudiant,251,103,SUV,139,7720,Peugeot,58290,589,731,16.6641625981
974,20.0,7.0,Cadre,540,104,3 portes,123,6213,Volkswagen,42300,58,802,-13.5278771761
975,45.0,12.0,Sans emploi,247,87,3 portes,133,3587,Volkswagen,24080,823,759,9.20506357229
976,44.0,44.0,Etudiant,954,119,SUV,159,4144,Peugeot,32330,998,914,48.2727702507
977,26.0,20.0,Travailleur non salarie,686,105,5 portes,134,4203,Renault,29260,818,799,8.18536146754
978,37.0,11.0,Cadre,345,118,3 portes,161,2665,Peugeot,14920,293,727,3.74022075821
979,27.0,32.0,Cadre,406,104,SUV,134,3202,Renault,18700,717,794,22.5889382453
980,45.0,6.0,Sans emploi,473,117,5 portes,167,9746,Volkswagen,64690,880,661,12.3933998284
981,37.0,9.0,Cadre,715,102,SUV,132,8877,Citroen,62670,657,722,26.8262713514
982,30.0,16.0,Sans emploi,427,147,5 portes,179,6455,Renault,46370,3,925,14.2243293904
983,43.0,14.0,Etudiant,955,119,3 portes,163,1780,,13830,394,760,-8.92871567532
984,69.0,16.0,Ouvrier,422,122,SUV,199,5086,Citroen,33530,166,876,34.1415435009
985,66.0,9.0,Cadre,890,101,5 portes,163,3701,Toyota,17680,249,934,21.2212646363
986,42.0,9.0,Cadre,637,79,SUV,125,5041,Peugeot,30370,919,694,30.7852373462
987,59.0,11.0,Ouvrier,293,97,Utilitaire,154,3542,Renault,19250,593,888,38.3363693681
988,33.0,19.0,Travailleur non salarie,479,110,5 portes,145,6383,Citroen,39960,170,737,8.49823900974
989,18.0,2.0,Ouvrier,445,104,SUV,121,2719,Renault,24680,237,759,21.091273993
990,25.0,9.0,Sans emploi,993,93,5 portes,117,2246,Citroen,16430,636,666,14.1856092788
991,64.0,14.0,Ouvrier,535,91,5 portes,154,3660,Peugeot,27140,138,843,18.2521212555
992,52.0,7.0,Travailleur non salarie,705,83,SUV,134,7927,Peugeot,51120,357,758,32.5784356552
993,21.0,9.0,Cadre,478,95,3 portes,117,1884,Renault,7280,643,774,-4.28124710266
994,137.0,3.0,Cadre,874,111,5 portes,131,6662,Renault,48960,272,751,4.77525915591
995,157.0,20.0,Cadre,591,111,3 portes,136,5443,Opel,37970,822,906,-11.299971689
996,27.0,28.0,Etudiant,615,111,3 portes,131,5425,Citroen,36030,77,1031,-8.51412320609
997,41.0,2.0,Etudiant,895,99,5 portes,142,7984,Citroen,57600,255,792,11.0101425282
998,26.0,6.0,Cadre,372,104,SUV,129,3365,Citroen,25760,756,763,20.4300194347
999,31.0,37.0,Cadre,535,101,3 portes,132,2454,Opel,19550,606,776,-6.20046434723
